ParticipantID,AI1,AI2,AI3,AI4,AI5,TC1,TC2,TC3,TC4,TC5,PC1,PC2,PC3,PC4,PC5,PS1,PS2,PS3,PS4,PS5,PS6,AI_Mean,TC_Mean,PC_Mean,PS_Mean
1,4,3,4,4,3,3,3,3,3,3,3,3,3,3,3,4,3,3,3,3,3,3.6,3.0,3.0,3.1666666666666665
2,5,5,4,4,4,4,4,4,4,4,3,3,3,2,3,3,3,3,4,3,3,4.4,4.0,2.8,3.1666666666666665
3,4,4,3,4,4,4,4,4,4,5,2,3,3,3,3,4,4,4,4,5,5,3.8,4.2,2.8,4.333333333333333
4,3,3,3,3,3,3,3,3,3,3,3,2,2,2,2,4,4,4,4,5,4,3.0,3.0,2.2,4.166666666666667
5,4,4,4,4,4,4,5,4,4,5,2,3,3,3,2,4,5,5,5,5,5,4.0,4.4,2.6,4.833333333333333
6,3,3,3,3,3,3,3,3,3,3,4,4,3,3,4,3,3,3,3,3,3,3.0,3.0,3.6,3.0
7,4,4,4,4,4,3,4,3,4,3,2,2,3,4,3,4,5,5,5,5,5,4.0,3.4,2.8,4.833333333333333
8,4,5,4,4,4,4,4,4,4,4,3,3,2,3,3,5,4,4,4,4,5,4.2,4.0,2.8,4.333333333333333
9,4,3,4,3,3,4,4,4,4,3,3,3,3,3,2,3,3,4,3,4,4,3.4,3.8,2.8,3.5
10,3,3,3,3,4,4,3,3,3,3,2,2,2,3,2,4,5,4,4,4,4,3.2,3.2,2.2,4.166666666666667
11,3,3,4,3,4,3,3,4,4,3,3,4,3,4,3,4,4,4,4,4,3,3.4,3.4,3.4,3.8333333333333335
12,4,5,5,5,5,5,4,4,5,5,2,2,2,2,2,5,4,5,5,5,4,4.8,4.6,2.0,4.666666666666667
13,3,4,4,3,3,4,3,3,3,4,2,2,3,3,3,3,4,3,4,3,4,3.4,3.4,2.6,3.5
14,4,5,5,5,4,4,5,4,4,4,3,4,3,3,3,4,4,4,4,4,3,4.6,4.2,3.2,3.8333333333333335
15,5,5,4,5,4,5,4,4,5,4,2,3,2,3,3,4,4,4,4,5,4,4.6,4.4,2.6,4.166666666666667
16,4,4,4,3,4,4,4,4,4,4,3,3,3,3,3,4,4,4,4,4,5,3.8,4.0,3.0,4.166666666666667
17,4,4,4,4,4,4,3,3,4,4,3,4,4,4,4,3,4,3,3,3,4,4.0,3.6,3.8,3.3333333333333335
18,5,4,4,4,4,3,3,2,3,3,3,2,4,3,3,4,3,3,4,4,3,4.2,2.8,3.0,3.5
19,4,3,4,4,4,4,4,4,3,3,4,4,4,4,4,5,5,5,5,5,5,3.8,3.6,4.0,5.0
20,3,4,4,4,3,4,4,4,4,4,3,3,3,3,3,4,3,4,4,4,4,3.6,4.0,3.0,3.8333333333333335
21,3,4,4,4,4,4,4,4,4,4,3,2,3,2,4,3,3,4,3,4,3,3.8,4.0,2.8,3.3333333333333335
22,5,4,4,4,4,4,4,4,4,4,2,2,2,3,2,4,4,4,4,4,4,4.2,4.0,2.2,4.0
23,4,5,4,4,4,4,3,4,4,4,3,3,3,3,3,4,4,4,4,4,5,4.2,3.8,3.0,4.166666666666667
24,3,4,4,4,4,4,4,5,5,4,3,2,3,3,2,4,4,5,4,4,4,3.8,4.4,2.6,4.166666666666667
25,4,4,4,3,4,4,4,4,4,3,3,3,3,3,3,4,4,3,3,3,4,3.8,3.8,3.0,3.5
26,5,4,4,4,5,5,4,4,4,5,2,2,3,3,2,4,4,5,5,5,5,4.4,4.4,2.4,4.666666666666667
27,5,5,4,4,4,4,4,4,4,4,3,3,4,4,3,3,3,3,3,3,4,4.4,4.0,3.4,3.1666666666666665
28,4,3,3,4,3,3,3,3,3,3,4,3,4,3,4,4,4,5,4,4,4,3.4,3.0,3.6,4.166666666666667
29,4,5,4,4,4,4,4,4,4,4,4,5,4,5,4,4,4,4,4,4,4,4.2,4.0,4.4,4.0
30,4,4,5,3,4,4,3,3,3,4,2,2,2,2,2,4,3,4,3,4,3,4.0,3.4,2.0,3.5
31,3,3,3,3,3,3,3,3,3,3,4,2,3,2,3,3,3,3,3,3,3,3.0,3.0,2.8,3.0
32,4,4,3,4,4,4,3,4,3,4,4,4,5,4,4,4,4,5,4,4,4,3.8,3.6,4.2,4.166666666666667
33,4,4,4,4,4,3,3,3,3,3,2,3,3,3,3,5,5,4,5,4,4,4.0,3.0,2.8,4.5
34,5,5,5,5,5,5,4,4,4,4,3,3,2,3,3,5,5,5,5,4,5,5.0,4.2,2.8,4.833333333333333
35,4,4,4,4,4,4,4,4,3,4,2,2,2,3,3,3,4,4,3,4,3,4.0,3.8,2.4,3.5
36,4,4,4,4,4,3,4,3,4,3,4,4,4,4,4,4,4,5,5,4,4,4.0,3.4,4.0,4.333333333333333
37,3,3,4,3,4,4,4,4,4,4,3,3,4,4,3,4,4,4,4,4,4,3.4,4.0,3.4,4.0
38,4,4,4,4,3,3,4,3,3,4,3,4,4,3,3,4,4,4,4,4,3,3.8,3.4,3.4,3.8333333333333335
39,4,4,4,4,4,4,4,5,4,4,4,3,3,3,3,4,4,4,4,4,4,4.0,4.2,3.2,4.0
40,2,3,3,3,2,2,3,2,2,2,5,4,5,5,4,4,4,3,4,3,3,2.6,2.2,4.6,3.5
41,5,5,4,5,5,5,5,5,5,5,3,3,3,3,3,4,4,4,4,4,4,4.8,5.0,3.0,4.0
42,4,4,4,4,4,3,2,3,4,2,3,3,4,3,3,3,3,3,4,3,3,4.0,2.8,3.2,3.1666666666666665
43,4,4,3,3,4,3,4,4,4,4,2,3,3,3,2,4,4,4,4,4,4,3.6,3.8,2.6,4.0
44,4,4,4,4,5,4,4,4,4,4,2,3,4,3,3,4,3,3,4,3,4,4.2,4.0,3.0,3.5
45,4,5,5,4,4,4,4,4,4,3,4,4,4,4,4,4,4,4,4,5,4,4.4,3.8,4.0,4.166666666666667
46,4,4,4,3,4,3,4,3,2,3,3,3,3,3,4,4,4,3,4,4,4,3.8,3.0,3.2,3.8333333333333335
47,4,4,4,4,4,4,3,4,4,4,4,3,3,3,3,4,4,4,4,4,3,4.0,3.8,3.2,3.8333333333333335
48,4,4,4,4,4,4,4,3,4,4,2,2,2,2,1,5,4,5,4,5,5,4.0,3.8,1.8,4.666666666666667
49,4,4,4,4,4,3,3,3,3,3,3,2,3,2,2,3,4,3,4,4,3,4.0,3.0,2.4,3.5
50,4,4,5,4,4,5,5,4,4,4,2,2,2,2,3,4,4,4,4,4,4,4.2,4.4,2.2,4.0
51,4,4,5,4,4,4,4,4,4,3,4,4,4,4,4,3,3,3,4,3,4,4.2,3.8,4.0,3.3333333333333335
52,4,5,5,5,5,4,4,4,4,4,2,2,1,1,2,4,4,5,4,4,5,4.8,4.0,1.6,4.333333333333333
53,4,4,4,4,4,4,4,5,4,5,5,5,5,5,5,4,4,3,3,4,3,4.0,4.4,5.0,3.5
54,4,3,3,3,3,3,3,3,3,3,4,5,4,4,4,3,3,4,4,3,4,3.2,3.0,4.2,3.5
55,4,4,4,4,4,5,4,5,4,4,3,3,3,3,3,4,4,5,4,4,4,4.0,4.4,3.0,4.166666666666667
56,2,2,2,2,2,2,2,2,2,2,3,3,3,3,2,3,2,3,2,3,2,2.0,2.0,2.8,2.5
57,4,4,5,4,4,5,4,5,5,4,4,3,4,3,3,4,4,4,4,4,4,4.2,4.6,3.4,4.0
58,4,5,4,4,4,4,4,5,4,4,4,4,2,3,3,4,4,5,5,4,4,4.2,4.2,3.2,4.333333333333333
59,4,4,4,4,4,4,4,3,4,4,3,3,3,3,2,3,3,3,3,4,3,4.0,3.8,2.8,3.1666666666666665
60,5,5,5,5,5,5,5,4,5,5,3,3,2,3,3,5,5,5,5,5,5,5.0,4.8,2.8,5.0
61,5,5,4,4,5,4,4,3,4,4,2,2,2,3,2,5,4,4,4,4,4,4.6,3.8,2.2,4.166666666666667
62,4,4,5,4,4,5,5,5,4,4,2,2,3,2,2,5,5,5,4,5,5,4.2,4.6,2.2,4.833333333333333
63,3,2,3,3,3,3,2,2,2,3,4,4,4,4,4,4,3,4,3,4,4,2.8,2.4,4.0,3.6666666666666665
64,3,2,3,3,2,2,3,2,3,3,5,4,5,5,4,3,3,3,3,3,3,2.6,2.6,4.6,3.0
65,3,4,3,3,3,3,3,3,2,3,3,3,3,3,3,3,3,3,3,3,3,3.2,2.8,3.0,3.0
66,4,3,3,4,4,4,5,4,4,4,3,3,3,3,3,5,5,5,5,5,5,3.6,4.2,3.0,5.0
67,4,5,4,4,4,4,4,4,5,4,3,2,2,3,3,3,3,4,3,3,3,4.2,4.2,2.6,3.1666666666666665
68,4,4,4,4,4,5,5,5,5,4,3,4,3,3,3,3,3,3,3,4,3,4.0,4.8,3.2,3.1666666666666665
69,3,3,3,3,3,3,3,3,3,3,4,4,4,4,3,4,4,4,4,4,3,3.0,3.0,3.8,3.8333333333333335
70,4,4,3,4,3,4,4,3,3,3,3,3,3,2,3,3,3,4,4,4,3,3.6,3.4,2.8,3.5
71,3,4,3,4,4,5,4,4,4,4,4,3,3,3,3,3,4,4,3,3,3,3.6,4.2,3.2,3.3333333333333335
72,2,3,2,2,3,2,2,2,2,1,3,3,3,3,3,3,3,3,3,3,3,2.4,1.8,3.0,3.0
73,3,4,3,3,4,4,3,4,4,3,3,2,3,3,3,4,4,4,4,4,4,3.4,3.6,2.8,4.0
74,4,4,4,5,4,4,4,5,4,4,3,3,4,4,4,4,4,5,4,4,4,4.2,4.2,3.6,4.166666666666667
75,4,4,4,4,4,3,3,3,3,3,3,3,3,4,5,3,3,3,3,3,3,4.0,3.0,3.6,3.0
76,5,5,4,5,5,5,4,5,5,4,2,2,1,3,3,4,4,4,4,3,4,4.8,4.6,2.2,3.8333333333333335
77,4,4,4,4,4,4,4,4,4,4,3,3,3,3,4,4,3,4,3,3,3,4.0,4.0,3.2,3.3333333333333335
78,4,3,3,4,4,3,3,4,3,3,3,3,3,4,3,4,4,4,4,4,4,3.6,3.2,3.2,4.0
79,3,4,4,4,3,3,4,4,4,3,3,3,3,4,3,4,3,4,3,3,4,3.6,3.6,3.2,3.5
80,4,3,4,3,4,3,4,4,3,3,4,3,2,3,3,4,4,3,3,3,3,3.6,3.4,3.0,3.3333333333333335
81,4,4,4,4,4,3,4,4,4,3,4,4,4,3,4,4,4,4,5,4,4,4.0,3.6,3.8,4.166666666666667
82,5,5,5,5,4,4,4,4,4,4,2,2,2,2,2,4,4,4,4,4,4,4.8,4.0,2.0,4.0
83,4,4,3,4,3,3,3,3,4,3,3,4,4,4,4,3,4,4,3,3,4,3.6,3.2,3.8,3.5
84,4,4,4,4,4,4,4,3,4,4,3,3,3,2,3,3,4,4,4,3,3,4.0,3.8,2.8,3.5
85,4,5,4,4,4,5,5,5,4,5,2,3,3,2,3,5,4,4,3,4,3,4.2,4.8,2.6,3.8333333333333335
86,4,4,4,4,5,4,5,4,4,5,3,3,3,3,3,4,4,4,4,4,4,4.2,4.4,3.0,4.0
87,4,4,4,4,3,5,4,4,4,4,3,3,3,2,3,5,5,4,5,5,5,3.8,4.2,2.8,4.833333333333333
88,4,4,4,4,4,4,4,4,4,4,2,3,3,3,2,4,5,4,4,4,4,4.0,4.0,2.6,4.166666666666667
89,3,3,3,2,3,4,3,4,3,3,3,4,3,4,3,3,3,4,3,3,3,2.8,3.4,3.4,3.1666666666666665
90,4,4,4,4,4,4,4,4,4,4,3,3,3,3,2,4,4,4,3,3,3,4.0,4.0,2.8,3.5
91,4,4,4,3,4,4,4,3,4,4,4,5,4,4,5,4,3,3,4,4,3,3.8,3.8,4.4,3.5
92,3,4,3,3,3,3,3,3,3,3,3,3,3,3,3,3,3,3,4,4,4,3.2,3.0,3.0,3.5
93,4,4,4,4,4,4,4,4,4,3,3,3,3,3,3,3,4,4,4,4,4,4.0,3.8,3.0,3.8333333333333335
94,4,3,3,3,3,3,3,4,3,3,3,4,4,4,4,2,2,2,3,3,2,3.2,3.2,3.8,2.3333333333333335
95,3,4,3,4,4,4,4,4,4,3,4,4,4,3,5,3,2,3,3,3,3,3.6,3.8,4.0,2.8333333333333335
96,4,4,3,4,4,4,4,4,4,3,2,2,3,3,2,5,5,5,5,5,5,3.8,3.8,2.4,5.0
97,5,5,5,5,5,4,4,3,4,3,3,3,3,3,3,4,5,4,4,4,5,5.0,3.6,3.0,4.333333333333333
98,3,3,3,3,3,3,2,2,3,2,3,3,3,3,3,4,4,4,3,4,4,3.0,2.4,3.0,3.8333333333333335
99,5,5,4,5,5,5,5,5,5,5,4,3,4,3,4,4,4,4,4,4,4,4.8,5.0,3.6,4.0
100,5,5,5,5,5,5,4,4,4,5,3,4,3,4,3,5,5,5,5,5,4,5.0,4.4,3.4,4.833333333333333
101,5,5,4,5,4,4,5,5,5,5,2,2,3,2,3,4,5,4,4,5,4,4.6,4.8,2.4,4.333333333333333
102,4,5,4,4,4,4,4,4,3,4,4,2,3,3,4,5,4,4,4,4,5,4.2,3.8,3.2,4.333333333333333
103,4,4,4,3,4,4,4,4,4,3,3,4,3,3,3,4,3,3,4,4,4,3.8,3.8,3.2,3.6666666666666665
104,4,5,5,4,5,5,5,5,5,5,3,3,3,3,3,4,5,5,5,4,5,4.6,5.0,3.0,4.666666666666667
105,3,3,3,3,3,3,3,3,3,3,4,3,4,4,4,2,3,3,3,3,2,3.0,3.0,3.8,2.6666666666666665
106,3,3,3,3,3,2,3,3,2,2,5,5,5,5,5,3,3,3,3,3,3,3.0,2.4,5.0,3.0
107,4,3,3,3,4,4,4,4,3,4,4,4,4,5,4,4,3,4,4,4,3,3.4,3.8,4.2,3.6666666666666665
108,2,3,2,2,2,3,3,2,4,3,2,2,3,3,3,4,4,4,4,4,4,2.2,3.0,2.6,4.0
109,4,4,4,5,5,4,5,5,4,4,3,3,3,4,3,3,4,3,4,3,3,4.4,4.4,3.2,3.3333333333333335
110,2,2,2,2,3,2,2,2,2,2,3,3,3,3,4,3,4,4,4,4,4,2.2,2.0,3.2,3.8333333333333335
111,3,3,3,4,3,3,3,4,4,3,3,3,4,3,3,4,5,5,5,4,4,3.2,3.4,3.2,4.5
112,5,5,5,4,4,5,5,5,5,5,3,3,2,3,2,5,5,4,4,4,5,4.6,5.0,2.6,4.5
113,4,4,4,4,4,3,3,3,4,4,3,2,3,3,3,4,4,4,4,4,4,4.0,3.4,2.8,4.0
114,4,4,4,4,4,5,4,5,4,4,3,3,3,3,3,4,4,5,4,5,4,4.0,4.4,3.0,4.333333333333333
115,4,3,4,4,3,4,4,3,4,3,2,3,3,3,3,4,3,4,4,4,4,3.6,3.6,2.8,3.8333333333333335
116,2,3,3,3,2,3,2,3,3,2,4,4,4,4,4,4,3,3,4,3,3,2.6,2.6,4.0,3.3333333333333335
117,5,5,4,4,4,4,4,4,4,4,3,3,3,2,3,3,3,4,4,3,4,4.4,4.0,2.8,3.5
118,4,4,4,4,3,4,4,4,4,4,3,3,3,2,2,5,4,4,4,4,5,3.8,4.0,2.6,4.333333333333333
119,5,5,5,5,5,5,5,5,5,5,3,3,3,3,3,4,4,4,4,4,5,5.0,5.0,3.0,4.166666666666667
120,4,4,4,4,4,4,4,4,4,3,3,4,3,3,4,2,2,2,3,3,2,4.0,3.8,3.4,2.3333333333333335
121,4,4,4,3,3,3,3,3,3,4,3,2,3,3,2,5,5,5,4,5,5,3.6,3.2,2.6,4.833333333333333
122,4,3,4,4,4,4,4,4,4,4,2,2,2,2,2,4,4,5,4,4,4,3.8,4.0,2.0,4.166666666666667
123,3,3,4,3,3,2,2,2,3,3,5,4,5,5,4,3,3,3,3,3,3,3.2,2.4,4.6,3.0
124,4,4,4,3,4,4,4,4,3,4,2,3,2,2,2,3,4,3,3,3,3,3.8,3.8,2.2,3.1666666666666665
125,4,4,4,4,4,5,5,5,5,5,3,3,2,3,2,5,4,4,4,4,5,4.0,5.0,2.6,4.333333333333333
126,3,3,4,4,4,3,3,3,3,3,4,5,5,5,4,5,4,4,4,4,4,3.6,3.0,4.6,4.166666666666667
127,4,4,4,4,3,4,5,4,4,4,2,3,2,3,2,5,4,4,4,4,4,3.8,4.2,2.4,4.166666666666667
128,3,3,4,4,4,4,3,3,4,4,2,2,2,2,2,4,4,4,3,4,4,3.6,3.6,2.0,3.8333333333333335
129,4,4,4,4,4,3,4,4,3,3,2,3,2,2,2,4,4,4,4,4,4,4.0,3.4,2.2,4.0
130,4,4,4,4,3,3,3,3,3,3,2,3,3,2,4,3,4,4,3,4,4,3.8,3.0,2.8,3.6666666666666665
131,5,5,5,5,5,5,5,5,5,5,2,3,3,2,3,4,5,5,5,5,5,5.0,5.0,2.6,4.833333333333333
132,4,4,3,3,4,4,4,3,3,4,2,2,2,2,2,5,5,5,5,5,5,3.6,3.6,2.0,5.0
133,3,3,3,4,3,3,4,4,4,4,3,2,3,3,3,4,3,3,3,3,4,3.2,3.8,2.8,3.3333333333333335
134,4,4,4,4,3,4,4,3,4,3,3,3,3,3,3,4,4,4,4,4,4,3.8,3.6,3.0,4.0
135,5,4,4,5,5,5,4,5,4,4,3,3,2,2,3,4,4,4,4,4,4,4.6,4.4,2.6,4.0
136,4,4,3,4,4,3,2,3,3,3,2,3,3,2,3,3,3,3,4,3,3,3.8,2.8,2.6,3.1666666666666665
137,5,5,5,5,5,5,5,5,5,5,1,2,2,2,2,5,4,5,5,5,5,5.0,5.0,1.8,4.833333333333333
138,4,3,3,4,4,4,3,4,3,4,4,3,3,3,3,4,4,3,4,4,4,3.6,3.6,3.2,3.8333333333333335
139,3,3,4,3,3,4,3,3,3,3,3,3,4,4,3,3,3,3,3,3,4,3.2,3.2,3.4,3.1666666666666665
140,4,4,4,4,4,4,5,4,4,5,3,3,2,3,3,4,4,4,4,4,3,4.0,4.4,2.8,3.8333333333333335
141,4,4,4,4,4,5,5,5,4,4,4,5,4,5,5,3,4,3,4,3,3,4.0,4.6,4.6,3.3333333333333335
142,3,3,3,3,3,3,3,3,3,3,4,4,3,3,5,4,4,4,4,4,4,3.0,3.0,3.8,4.0
143,5,5,5,5,5,5,5,5,4,4,3,1,2,2,2,5,4,5,4,5,5,5.0,4.6,2.0,4.666666666666667
144,4,3,4,3,3,4,4,4,4,4,4,3,3,3,3,3,3,3,3,3,3,3.4,4.0,3.2,3.0
145,4,4,4,3,3,4,3,4,4,3,4,3,4,5,4,5,5,4,5,4,4,3.6,3.6,4.0,4.5
146,4,4,4,4,4,3,3,3,3,3,3,4,3,2,3,3,3,4,3,4,3,4.0,3.0,3.0,3.3333333333333335
147,3,3,4,4,4,4,4,4,4,4,3,3,4,4,3,4,5,4,4,4,4,3.6,4.0,3.4,4.166666666666667
148,3,3,3,3,3,3,3,2,3,4,3,3,3,3,2,3,3,4,4,3,4,3.0,3.0,2.8,3.5
149,3,3,4,4,4,3,4,4,4,3,4,4,4,4,3,3,3,3,3,3,3,3.6,3.6,3.8,3.0
150,3,4,4,4,4,4,4,3,4,3,2,2,2,2,3,4,4,4,4,4,4,3.8,3.6,2.2,4.0
151,4,4,4,4,4,2,2,3,3,3,3,2,3,3,3,3,3,3,3,3,3,4.0,2.6,2.8,3.0
152,4,3,4,3,3,4,4,4,4,4,5,4,5,5,5,4,4,4,4,4,4,3.4,4.0,4.8,4.0
153,5,5,5,5,5,5,5,5,5,5,3,3,3,4,3,5,5,4,5,4,5,5.0,5.0,3.2,4.666666666666667
154,4,4,3,4,4,3,4,3,4,3,3,3,3,3,3,3,2,3,3,3,3,3.8,3.4,3.0,2.8333333333333335
155,4,4,4,3,4,4,4,4,3,4,3,3,4,3,4,3,3,4,3,4,3,3.8,3.8,3.4,3.3333333333333335
156,5,5,4,5,5,5,4,5,4,4,2,2,3,3,3,4,3,3,4,4,3,4.8,4.4,2.6,3.5
157,3,3,3,3,3,2,3,2,2,2,4,3,5,3,3,3,3,3,3,4,4,3.0,2.2,3.6,3.3333333333333335
158,4,4,4,4,4,3,3,4,3,4,4,4,4,3,4,4,4,5,5,5,4,4.0,3.4,3.8,4.5
159,3,3,3,3,3,4,4,4,4,4,3,3,3,3,3,4,4,4,5,4,4,3.0,4.0,3.0,4.166666666666667
160,3,3,3,3,2,4,3,3,3,3,4,3,4,4,4,4,4,4,4,3,4,2.8,3.2,3.8,3.8333333333333335
161,4,4,4,4,4,5,5,4,5,4,4,4,4,3,4,4,5,4,4,4,4,4.0,4.6,3.8,4.166666666666667
162,4,4,3,3,4,4,4,4,4,4,3,3,3,3,3,5,5,5,4,5,5,3.6,4.0,3.0,4.833333333333333
163,4,4,4,4,4,5,4,4,5,5,3,3,3,3,3,3,3,3,3,3,3,4.0,4.6,3.0,3.0
164,4,4,4,5,4,4,3,4,4,4,2,2,2,2,2,3,2,2,3,3,3,4.2,3.8,2.0,2.6666666666666665
165,4,4,4,4,4,4,4,4,4,4,3,3,3,3,4,4,4,4,4,4,4,4.0,4.0,3.2,4.0
166,4,4,4,4,4,4,4,4,4,4,2,2,1,3,2,5,4,5,4,4,4,4.0,4.0,2.0,4.333333333333333
167,4,4,4,5,5,5,3,4,4,4,3,3,3,3,3,5,4,4,4,5,5,4.4,4.0,3.0,4.5
168,5,5,5,5,5,5,5,5,5,5,2,3,2,2,3,5,4,4,4,5,5,5.0,5.0,2.4,4.5
169,4,4,3,4,3,4,4,3,4,3,3,3,3,3,3,5,4,4,5,4,5,3.6,3.6,3.0,4.5
170,5,4,5,5,5,5,5,5,5,5,4,3,4,4,4,4,4,4,4,4,5,4.8,5.0,3.8,4.166666666666667
171,3,3,4,3,3,3,3,3,3,3,3,3,2,3,3,3,4,4,3,4,4,3.2,3.0,2.8,3.6666666666666665
172,5,5,5,4,4,5,5,5,5,5,3,3,3,2,3,4,5,4,4,4,5,4.6,5.0,2.8,4.333333333333333
173,4,4,3,3,4,3,3,3,4,3,4,4,3,5,4,3,4,3,3,4,4,3.6,3.2,4.0,3.5
174,5,5,4,4,4,5,5,5,4,4,2,3,3,3,3,4,4,4,4,4,4,4.4,4.6,2.8,4.0
175,4,3,4,4,4,4,3,3,4,3,2,3,3,3,2,4,4,3,4,4,3,3.8,3.4,2.6,3.6666666666666665
176,3,4,4,4,4,5,4,4,5,5,4,3,4,3,4,4,4,4,4,5,5,3.8,4.6,3.6,4.333333333333333
177,5,5,5,5,5,5,5,5,4,4,3,3,3,3,3,5,5,5,5,5,5,5.0,4.6,3.0,5.0
178,5,5,5,5,5,5,5,5,5,5,3,4,3,3,3,5,5,4,5,5,5,5.0,5.0,3.2,4.833333333333333
179,4,4,4,4,5,4,4,4,4,4,3,3,3,2,3,4,4,4,3,4,5,4.2,4.0,2.8,4.0
180,4,4,4,3,4,3,4,4,4,4,3,4,4,4,3,4,4,4,4,4,4,3.8,3.8,3.6,4.0
181,3,3,4,4,3,3,2,3,3,3,2,3,3,2,2,4,3,4,4,4,5,3.4,2.8,2.4,4.0
182,4,4,4,3,4,4,3,4,3,3,3,3,3,3,4,4,4,4,4,4,3,3.8,3.4,3.2,3.8333333333333335
183,4,4,4,4,4,4,4,4,5,4,2,2,2,2,2,4,4,4,4,4,4,4.0,4.2,2.0,4.0
184,4,4,4,4,3,3,3,4,3,3,2,2,2,3,2,3,3,3,3,4,3,3.8,3.2,2.2,3.1666666666666665
185,4,4,4,4,5,4,4,5,4,4,4,4,4,4,3,3,3,3,3,3,3,4.2,4.2,3.8,3.0
186,4,4,4,5,5,5,5,5,4,5,2,2,2,1,2,5,5,5,5,4,5,4.4,4.8,1.8,4.833333333333333
187,3,3,3,3,3,4,3,3,3,4,3,4,3,3,2,3,3,4,3,3,4,3.0,3.4,3.0,3.3333333333333335
188,4,4,4,4,4,4,4,3,4,4,2,2,2,2,2,4,4,4,5,4,4,4.0,3.8,2.0,4.166666666666667
189,4,5,5,5,5,4,4,4,4,3,4,4,3,4,3,5,4,4,5,4,4,4.8,3.8,3.6,4.333333333333333
190,4,4,4,3,4,3,3,4,3,3,3,3,4,4,4,4,4,4,4,4,4,3.8,3.2,3.6,4.0
191,5,5,5,5,5,4,5,5,4,5,3,2,3,4,3,3,3,3,3,3,3,5.0,4.6,3.0,3.0
192,4,4,3,3,4,3,3,3,3,3,3,4,3,4,3,3,4,3,3,3,3,3.6,3.0,3.4,3.1666666666666665
193,4,4,5,4,4,4,5,5,5,5,3,4,4,3,4,4,3,4,4,4,4,4.2,4.8,3.6,3.8333333333333335
194,4,3,4,3,3,4,4,4,4,4,4,4,4,4,4,4,3,4,4,3,3,3.4,4.0,4.0,3.5
195,4,5,4,4,4,4,4,4,4,4,2,3,2,3,3,4,4,4,4,4,5,4.2,4.0,2.6,4.166666666666667
196,4,4,4,3,4,3,3,4,4,3,3,3,3,3,2,4,4,4,4,4,4,3.8,3.4,2.8,4.0
197,4,3,3,4,4,3,4,3,3,4,5,4,3,3,4,4,3,3,3,3,3,3.6,3.4,3.8,3.1666666666666665
198,4,4,3,4,4,4,3,4,3,4,2,3,3,2,2,4,4,3,4,4,3,3.8,3.6,2.4,3.6666666666666665
199,3,3,3,3,3,3,3,3,3,3,2,3,2,2,3,4,4,5,4,4,3,3.0,3.0,2.4,4.0
200,4,5,4,4,4,4,4,4,4,4,3,4,4,4,3,4,4,4,4,3,4,4.2,4.0,3.6,3.8333333333333335
201,3,4,4,3,3,3,3,3,3,3,3,3,3,4,3,3,3,3,3,3,4,3.4,3.0,3.2,3.1666666666666665
202,4,4,5,4,5,4,4,4,4,4,3,3,3,2,3,4,3,4,4,4,4,4.4,4.0,2.8,3.8333333333333335
203,3,3,3,3,4,3,3,3,2,2,4,3,3,3,3,3,3,4,3,3,3,3.2,2.6,3.2,3.1666666666666665
204,3,3,3,3,3,3,3,3,3,3,3,3,4,4,4,3,3,3,2,3,2,3.0,3.0,3.6,2.6666666666666665
205,4,4,3,4,4,4,4,4,4,3,3,4,3,4,3,4,3,4,3,4,4,3.8,3.8,3.4,3.6666666666666665
206,4,5,4,5,5,5,4,5,4,4,3,3,4,4,3,3,3,4,3,3,3,4.6,4.4,3.4,3.1666666666666665
207,4,4,4,4,4,4,4,5,4,5,4,4,3,4,3,3,3,3,4,3,3,4.0,4.4,3.6,3.1666666666666665
208,4,3,3,4,4,4,4,4,4,4,2,2,3,3,3,4,4,4,4,5,5,3.6,4.0,2.6,4.333333333333333
209,4,5,4,4,4,4,4,5,4,4,1,2,3,2,2,4,5,5,4,5,4,4.2,4.2,2.0,4.5
210,3,3,3,3,2,3,3,2,2,2,3,3,4,3,3,3,2,2,3,2,2,2.8,2.4,3.2,2.3333333333333335
211,3,4,3,4,4,4,4,4,4,4,4,3,4,3,3,4,5,4,5,4,5,3.6,4.0,3.4,4.5
212,4,4,5,5,4,3,3,3,3,3,3,4,3,4,4,4,4,3,3,4,4,4.4,3.0,3.6,3.6666666666666665
213,4,4,4,4,4,4,4,5,4,4,2,2,3,3,2,5,5,4,4,4,5,4.0,4.2,2.4,4.5
214,5,5,5,4,5,5,5,5,5,5,3,4,3,3,3,3,4,4,4,4,4,4.8,5.0,3.2,3.8333333333333335
215,4,4,5,4,4,4,4,4,4,4,3,3,2,3,3,5,4,4,5,4,5,4.2,4.0,2.8,4.5
216,3,4,4,4,4,3,3,3,3,4,2,2,3,2,3,3,3,3,4,3,3,3.8,3.2,2.4,3.1666666666666665
217,4,5,3,4,4,4,5,4,4,4,3,2,3,3,3,4,4,4,4,4,4,4.0,4.2,2.8,4.0
218,4,4,3,4,3,3,4,4,4,4,3,4,5,4,4,4,3,4,3,3,4,3.6,3.8,4.0,3.5
219,4,5,5,5,5,4,4,4,4,4,2,2,2,2,1,5,5,5,5,4,5,4.8,4.0,1.8,4.833333333333333
220,4,4,5,4,4,4,4,4,4,4,3,3,2,3,3,4,4,4,5,4,4,4.2,4.0,2.8,4.166666666666667
221,3,3,2,3,3,2,1,2,2,2,4,5,4,4,4,3,3,3,3,3,3,2.8,1.8,4.2,3.0
222,4,4,4,4,4,4,4,4,4,4,4,4,4,4,4,4,3,3,3,4,4,4.0,4.0,4.0,3.5
223,4,4,4,4,4,3,4,3,3,4,4,4,3,5,4,3,4,3,4,3,3,4.0,3.4,4.0,3.3333333333333335
224,3,4,4,4,4,3,4,4,3,3,3,3,4,4,5,3,3,3,3,3,3,3.8,3.4,3.8,3.0
225,4,5,5,4,4,4,4,4,4,4,3,3,4,3,3,4,3,3,3,3,4,4.4,4.0,3.2,3.3333333333333335
226,4,4,3,4,4,3,4,3,3,3,3,3,3,3,3,4,3,4,4,4,3,3.8,3.2,3.0,3.6666666666666665
227,4,4,4,3,5,3,4,3,3,4,4,3,4,3,3,4,5,4,5,4,4,4.0,3.4,3.4,4.333333333333333
228,3,4,4,4,4,4,4,3,4,4,4,4,4,5,4,3,4,4,4,4,4,3.8,3.8,4.2,3.8333333333333335
229,4,4,4,4,4,4,4,3,4,4,4,4,3,3,3,4,4,3,4,4,4,4.0,3.8,3.4,3.8333333333333335
230,3,4,4,3,3,3,3,3,3,3,3,3,3,4,3,4,4,4,4,4,3,3.4,3.0,3.2,3.8333333333333335
231,3,3,3,3,3,3,3,4,3,3,2,3,3,3,3,3,3,3,4,3,4,3.0,3.2,2.8,3.3333333333333335
232,4,3,3,3,3,3,3,2,3,3,3,3,3,3,3,3,3,3,3,4,3,3.2,2.8,3.0,3.1666666666666665
233,3,4,3,3,3,2,2,2,3,2,4,4,4,4,4,4,3,3,4,3,3,3.2,2.2,4.0,3.3333333333333335
234,4,4,4,4,4,4,4,4,4,4,2,2,1,1,1,5,4,4,4,4,5,4.0,4.0,1.4,4.333333333333333
235,5,5,5,5,4,5,5,5,5,4,2,3,3,4,3,5,5,5,5,4,4,4.8,4.8,3.0,4.666666666666667
236,5,5,5,4,5,5,5,5,5,5,3,2,2,3,2,4,4,5,4,4,5,4.8,5.0,2.4,4.333333333333333
237,2,2,2,3,2,3,2,2,2,3,4,4,4,3,4,4,4,4,4,3,4,2.2,2.4,3.8,3.8333333333333335
238,4,3,4,3,3,4,4,4,3,4,3,3,2,3,3,4,4,4,4,4,5,3.4,3.8,2.8,4.166666666666667
239,5,5,5,5,5,4,4,5,5,4,3,3,3,3,3,5,5,5,4,4,5,5.0,4.4,3.0,4.666666666666667
240,4,4,4,3,4,4,4,3,4,3,3,3,4,4,4,3,4,4,4,3,3,3.8,3.6,3.6,3.5
241,4,4,3,4,4,3,3,3,3,4,3,4,4,5,4,3,3,3,4,4,4,3.8,3.2,4.0,3.5
242,4,4,5,4,5,4,4,4,4,4,4,4,4,4,3,5,4,4,5,5,5,4.4,4.0,3.8,4.666666666666667
243,4,3,3,3,4,3,4,3,4,4,2,2,2,2,2,4,4,4,4,4,4,3.4,3.6,2.0,4.0
244,3,3,3,3,3,4,3,3,3,3,3,3,3,3,3,4,3,4,4,4,3,3.0,3.2,3.0,3.6666666666666665
245,4,4,3,4,4,3,3,3,4,3,1,1,2,1,2,4,5,4,5,5,5,3.8,3.2,1.4,4.666666666666667
246,3,3,4,3,3,3,4,4,3,3,3,4,3,3,4,4,4,4,4,4,3,3.2,3.4,3.4,3.8333333333333335
247,4,4,3,4,4,3,4,4,4,3,3,3,2,2,3,3,3,3,4,3,3,3.8,3.6,2.6,3.1666666666666665
248,4,3,5,4,4,5,4,4,4,5,3,3,3,2,2,4,4,4,4,3,3,4.0,4.4,2.6,3.6666666666666665
249,4,3,4,3,4,4,4,4,4,4,3,4,3,3,3,4,4,4,4,5,4,3.6,4.0,3.2,4.166666666666667
250,3,3,3,3,3,3,3,3,3,2,4,5,4,4,4,3,3,3,3,3,4,3.0,2.8,4.2,3.1666666666666665
251,3,3,3,3,3,3,3,3,4,3,3,5,4,4,4,3,3,4,3,3,3,3.0,3.2,4.0,3.1666666666666665
252,4,4,4,3,3,4,4,3,4,3,4,3,3,4,3,3,3,3,3,3,4,3.6,3.6,3.4,3.1666666666666665
253,4,4,4,3,4,3,4,3,3,3,3,4,3,3,3,3,3,3,3,3,2,3.8,3.2,3.2,2.8333333333333335
254,3,3,3,3,3,3,3,3,3,3,4,4,3,3,4,2,2,2,2,2,3,3.0,3.0,3.6,2.1666666666666665
255,4,4,4,4,4,3,4,4,4,4,3,2,3,3,3,5,4,4,5,4,4,4.0,3.8,2.8,4.333333333333333
256,4,4,4,4,4,3,3,2,3,3,2,3,3,3,3,4,4,4,4,4,3,4.0,2.8,2.8,3.8333333333333335
257,3,3,3,3,3,3,2,2,3,3,4,4,5,4,5,3,3,3,3,3,4,3.0,2.6,4.4,3.1666666666666665
258,3,3,3,3,3,3,4,3,3,3,4,3,2,3,2,3,4,4,4,3,4,3.0,3.2,2.8,3.6666666666666665
259,4,4,4,4,4,3,3,3,4,4,4,3,4,4,3,5,4,4,4,3,4,4.0,3.4,3.6,4.0
260,4,4,5,4,5,4,3,5,4,4,2,2,2,2,1,4,5,4,4,4,4,4.4,4.0,1.8,4.166666666666667
261,3,3,3,3,3,3,2,2,2,3,4,3,3,4,3,3,2,3,3,3,3,3.0,2.4,3.4,2.8333333333333335
262,4,4,3,4,3,5,4,5,4,4,4,4,3,3,3,4,4,4,4,3,4,3.6,4.4,3.4,3.8333333333333335
263,4,3,3,3,3,3,3,4,3,2,5,4,4,5,5,4,4,4,4,3,4,3.2,3.0,4.6,3.8333333333333335
264,4,3,3,3,3,4,3,4,4,4,3,3,3,3,4,4,3,3,4,4,4,3.2,3.8,3.2,3.6666666666666665
265,4,4,4,4,5,4,4,4,4,5,4,4,4,4,3,4,4,4,3,4,4,4.2,4.2,3.8,3.8333333333333335
266,3,3,3,3,3,2,3,3,3,3,2,1,2,2,2,3,3,3,3,4,3,3.0,2.8,1.8,3.1666666666666665
267,3,4,4,4,3,3,3,4,4,3,2,3,2,3,3,4,5,4,4,5,4,3.6,3.4,2.6,4.333333333333333
268,5,4,5,5,4,5,4,4,4,4,4,2,3,3,3,4,4,5,4,4,4,4.6,4.2,3.0,4.166666666666667
269,4,3,3,3,4,3,4,4,4,4,2,2,3,2,2,3,3,3,3,4,3,3.4,3.8,2.2,3.1666666666666665
270,5,5,5,5,5,5,5,5,5,5,2,2,2,2,2,4,4,4,4,4,4,5.0,5.0,2.0,4.0
271,5,5,4,5,4,3,3,3,4,4,3,3,3,3,2,4,4,4,4,4,4,4.6,3.4,2.8,4.0
272,4,4,3,3,3,4,3,4,4,4,3,3,3,4,3,4,3,4,2,3,3,3.4,3.8,3.2,3.1666666666666665
273,4,4,4,4,5,4,4,4,4,4,3,3,3,3,3,4,4,4,3,4,4,4.2,4.0,3.0,3.8333333333333335
274,4,4,4,3,4,4,3,3,4,4,3,4,4,3,3,3,3,3,3,3,3,3.8,3.6,3.4,3.0
275,4,4,4,4,3,3,3,4,4,3,2,2,1,2,2,3,4,3,3,3,4,3.8,3.4,1.8,3.3333333333333335
276,3,3,3,3,3,3,3,2,3,3,2,2,2,1,2,2,2,3,2,3,2,3.0,2.8,1.8,2.3333333333333335
277,3,3,3,3,2,3,2,3,3,4,3,3,3,3,2,3,4,3,3,3,4,2.8,3.0,2.8,3.3333333333333335
278,5,5,5,4,4,5,5,5,5,5,3,4,4,4,4,4,4,4,4,4,4,4.6,5.0,3.8,4.0
279,4,4,3,4,4,3,3,3,4,3,3,3,4,4,4,3,4,4,4,3,3,3.8,3.2,3.6,3.5
280,3,3,3,2,3,2,2,2,2,2,5,4,4,4,5,3,3,3,3,3,3,2.8,2.0,4.4,3.0
281,3,3,4,3,3,3,4,4,4,3,4,4,4,4,4,3,3,3,3,3,3,3.2,3.6,4.0,3.0
282,3,3,3,3,3,2,3,3,3,3,3,3,3,3,3,3,3,3,3,3,3,3.0,2.8,3.0,3.0
283,4,5,4,4,4,4,3,4,4,4,3,3,4,3,3,4,4,4,4,3,4,4.2,3.8,3.2,3.8333333333333335
284,3,3,3,3,3,2,3,2,2,3,4,4,4,4,4,3,3,4,3,3,3,3.0,2.4,4.0,3.1666666666666665
285,3,3,3,3,3,2,3,2,3,2,2,3,3,3,3,3,4,3,3,3,3,3.0,2.4,2.8,3.1666666666666665
