AI1,AI2,AI3,AI4,AI5,TC1,TC2,TC3,TC4,TC5,PC1,PC2,PC3,PC4,PC5,PS1,PS2,PS3,PS4,PS5,PS6,AI,TC,PC,PS,AI_c,PC_c,AIxPC
3.7587101620,4.3048416582,4.1347727177,3.2089458426,2.8977562542,4.2577485615,3.8449063085,3.8858868356,3.1447020307,4.7176301697,2.5931840917,1.1359151414,1.4601692589,2.8354333314,2.1349782465,4.3536138328,4.3254352459,4.7822493674,5.3589589331,4.5124234913,4.6399846584,3.6610053270,3.9701747812,2.0319360140,4.6621109215,-0.1289946730,-1.1580639860,0.1493840852
3.2003796864,3.9791726836,4.3544709591,4.3292118072,4.3845199348,3.9181078338,4.6269770867,4.6957355150,5.3127356159,4.2816302528,3.2047938288,4.7753029347,3.3056507734,5.4305863073,3.5798130576,4.2432113404,5.1634825370,5.0303207770,4.1299599527,3.0924006766,3.1210827569,4.0495510142,4.5670372608,4.0592293804,4.1300763401,0.2595510142,0.8692293804,0.2256093673
3.4407134326,3.7830559728,2.3086876551,2.6230219179,2.6243722465,2.5180166430,3.5624299408,3.2918892529,2.6944492707,3.1173407793,5.8345584293,5.0387244987,4.0252407398,5.1901092507,4.9167327083,3.0363165313,1.6920899093,3.1894109337,2.5601885050,3.2319982114,3.0712557510,2.9559702450,3.0368251773,5.0010731254,2.7968766403,-0.8340297550,1.8110731254,-1.5104888751
4.1202444055,4.7806035286,3.8447948982,3.9846250050,3.4325915438,3.1099061793,3.4009841845,3.5624864458,3.6774235597,3.4675611164,2.3349000591,3.6770044512,2.7619186268,3.0672663785,1.9234520589,4.2979839555,3.4553048502,4.5635325843,3.2326857886,3.4386558493,3.7787359547,4.0325718762,3.4436722971,2.7529083149,3.7944831638,0.2425718762,-0.4370916851,-0.1060261501
3.1107225464,3.2880527412,4.6039831780,3.6521301563,3.5553490222,2.9875012207,3.4178964750,3.2548427773,2.9110611636,2.3629215549,2.4705441247,2.1653727168,2.9358368296,3.1559668278,2.7036913380,6.1577192514,4.6352584005,4.6443831691,7.2035225700,3.8556577453,4.0852288887,3.6420475288,2.9868446383,2.6862823674,5.0969616708,-0.1479524712,-0.5037176326,0.0745262685
4.2168983831,3.9051859653,4.4784650373,3.8508133571,4.0193870729,3.8347790978,4.3934183117,3.5588294419,4.3997190860,3.7656099232,2.9437808220,3.6333689018,2.7267491226,3.7642531924,3.5872284736,4.1965658207,3.9867649902,4.8911039698,3.9451714559,4.4460648752,4.4768519407,4.0941499631,3.9904711721,3.3310761025,4.3237538421,0.3041499631,0.1410761025,0.0429082914
3.2613948266,2.6174771349,2.7301621339,3.3307007650,3.0399856127,2.7808599906,2.6065815094,3.2827776718,2.4374339387,4.2261143062,2.9415666852,2.9919411816,2.8796358570,3.7252551399,2.5096771504,3.4432068017,3.1735614847,4.2005520550,3.7453889739,3.3309401982,3.8223325409,2.9959440946,3.0667534833,3.0096152028,3.6193303424,-0.7940559054,-0.1803847972,0.1432356135
3.1558405658,3.4788046697,4.9518213565,3.3809468399,3.0302327797,4.1579711676,3.2770431874,3.8079342512,3.2136971809,3.8365308715,2.0512595295,1.7750425181,1.9120905963,3.0754230670,2.2004769869,4.5925914252,3.5234466170,5.0454929412,4.8898252361,4.0622059273,4.2155408522,3.5995292423,3.6586353317,2.2028585396,4.3881838332,-0.1904707577,-0.9871414604,0.1880215819
4.7233044963,5.4455670157,4.3718858923,4.3415702484,4.2301612512,4.7542744862,5.9660736052,5.7576308334,5.3968096409,4.8772451898,4.2110340094,2.0753331101,2.6832239173,3.5577335295,2.7488072347,4.5898813528,4.9865045032,5.0193005481,5.7091083184,4.9659590555,4.5323231999,4.6224977808,5.3504067511,3.0552263602,4.9671794963,0.8324977808,-0.1347736398,-0.1121987561
3.4153977986,4.1108826174,4.8005560152,4.4114900130,4.2304136823,4.2268659115,3.9896465480,5.3399542303,4.3947249589,4.2941109208,3.0490818551,2.2436190768,3.0132743884,4.0722319876,2.9051912596,4.8709427594,4.4668696335,4.4110670672,5.4155529393,5.4081609488,5.1435742965,4.1937480253,4.4490605139,3.0566797135,4.9526946074,0.4037480253,-0.1333202865,-0.0538278024
4.2917853418,5.0704711592,4.6256172091,3.7146541055,4.9245770557,4.3011967097,4.3004827826,4.1756818621,4.7656416601,5.4456211229,3.2448917604,0.2235910246,3.9120849506,4.4296170151,3.8796700191,3.6902988384,3.1427443292,2.9281330267,3.5905325124,3.6769858882,3.4374016512,4.5254209743,4.5977248275,3.1379709540,3.4110160410,0.7354209743,-0.0520290460,-0.0382632517
4.5127982611,3.6038037930,3.6631956563,5.1810291345,4.5541895103,3.0372243994,3.3281763998,3.4642308474,4.6867963873,4.4852131488,2.8792525533,4.5742729793,2.9253620988,3.1158316884,2.7056339652,2.9672586000,3.6353562455,4.2617170099,2.7727778866,3.5184426586,3.9037183339,4.3030032710,3.8003282365,3.2400706570,3.5098784557,0.5130032710,0.0500706570,0.0256864108
5.5352767630,5.5651849796,5.1798862635,4.7624596496,5.0663782402,4.9766660509,4.5592437716,4.1547627291,5.4850779622,4.2083609375,1.8503455242,2.2808474716,2.5337869956,2.3946280869,3.5917570704,4.4676809526,4.0778507223,3.5720172267,3.0647431498,3.6002038743,4.3894544364,5.2218371792,4.6768222903,2.5302730297,3.8619917270,1.4318371792,-0.6597269703,-0.9446216041
3.7817450624,3.0817326359,3.0179133917,3.0508155730,3.4647859616,3.5017081493,3.6594421057,3.2478510826,4.2578430859,3.6926178182,2.7538468146,2.6905544683,3.5322942033,2.9722717433,2.9727793355,2.7131459203,3.9211741672,4.7076149506,4.1812307197,4.3016647827,4.2990960982,3.2793985249,3.6718924483,2.9843493130,4.0206544398,-0.5106014751,-0.2056506870,0.1050055441
2.9227940740,4.1981745936,3.7766527895,2.8380542008,4.2541016286,2.8639699241,4.3167587365,3.0896422866,3.1330113024,3.9935157409,1.5745817299,2.1100948946,2.6613214583,2.9364617735,2.6795612647,4.0642226590,4.9618380290,4.4779117262,4.6877769198,4.0601995163,4.9211364697,3.5979554573,3.4793795981,2.3924042242,4.5288475533,-0.1920445427,-0.7975957758,0.1531739160
3.7372002239,3.3737806532,5.0770563770,4.2777861806,4.3602834168,4.9349878384,4.4444702057,4.1485296390,4.1752249741,4.1826180029,2.9167402545,2.6565012172,2.3762772562,1.9100658281,2.5962761873,3.7740362464,4.2263353965,4.5337422852,4.1618115498,4.7923777914,4.1218633470,4.1652213703,4.3771661320,2.4911721487,4.2683611027,0.3752213703,-0.6988278513,-0.2622151440
4.4292689399,4.7595038516,5.4312853319,4.4062637029,3.7054374106,4.1129341626,3.1062141813,4.8045148412,2.9204206286,4.0151909970,3.7917230722,3.0902290640,3.2798872625,3.1587339124,2.9595555588,3.7444186117,2.8497790232,3.0468651550,3.7048596880,3.5363712100,3.9952556960,4.5463518474,3.7918549621,3.2560257740,3.4795915640,0.7563518474,0.0660257740,0.0499387161
2.9068919447,2.3750172503,2.2407320958,3.1980732982,3.3128805750,2.5999674876,2.1828780647,1.4193597018,2.7012558773,2.6042605571,5.3412152223,4.7369822117,4.2169184559,3.2162219865,4.5024593722,3.3802573001,3.8972621116,3.4401310155,3.5789076566,3.4404149034,3.3320304811,2.8067190328,2.3015443377,4.4027594497,3.5115005781,-0.9832809672,1.2127594497,-1.1924832847
3.0198154120,4.7144292786,4.2003887392,4.4147263304,3.5285742577,3.0312143840,3.4444803561,3.4689392550,3.3610596495,3.4561223311,4.9351466703,2.5933884780,3.1436963217,4.3852987678,3.4635526534,4.7832222756,5.0143002026,4.9044923496,4.2027903651,4.6533113010,5.5449328212,3.9755868036,3.3523631951,3.7042165782,4.8505082192,0.1855868036,0.5142165782,0.0954318111
3.2692155304,3.6052296988,4.1995293837,3.7823831083,3.6657917665,3.0083120922,3.7430330778,2.9928837424,3.9182052949,2.6681647301,2.7067584452,4.7845558086,3.5605076215,4.1368707156,2.5951669578,5.0328208517,4.6404566445,4.7006701838,4.3112416498,5.0179276047,4.8731958528,3.7044298975,3.2661197875,3.5567719097,4.7627187979,-0.0855701025,0.3667719097,-0.0313847099
3.8979961170,2.8950962655,2.2401630709,3.6283496914,2.6646032332,3.1716428914,4.4185637034,2.2354037263,2.9363031509,2.9770384348,2.5830989545,4.4197022278,3.5298788980,3.3673362566,1.6663217204,3.7128064010,3.6753896187,3.8552084360,3.0215365541,3.1457201921,3.7434382152,3.0652416756,3.1477903814,3.1132676115,3.5256832362,-0.7247583244,-0.0767323885,0.0556124373
4.7607103982,5.2935152489,4.1523144481,4.3155627735,3.8461000587,4.0883582627,4.1580213033,3.1959392615,4.0402108803,3.0757316514,4.5448446588,4.4784234981,3.9701066296,2.8437648085,3.8385935407,4.5260940228,3.0760575369,3.9630216921,3.8892901338,3.9539056050,4.1950615877,4.4736405855,3.7116522719,3.9351466272,3.9339050964,0.6836405855,0.7451466272,0.5094124764
4.0661638450,3.6548821744,3.0326994839,3.9519702579,4.6715871515,2.4341331321,3.6033417116,4.2974195031,3.7518138781,3.0450388020,4.0458383875,3.2613757423,4.1357046457,2.9622322082,4.9809533856,3.5160983065,3.2855015850,3.6043309727,4.1462782246,3.5318817562,3.5749673911,3.8754605826,3.4263494054,3.8772208739,3.6098430394,0.0854605826,0.6872208739,0.0587302962
2.6081598883,3.4816891352,2.9459890021,2.2662343524,4.1544212955,2.9727816173,3.3649479013,2.2508982234,3.1243333143,2.8669923332,2.9414676874,2.7425259223,1.5648820668,2.4378660985,1.8682195242,4.4596999906,3.7421399496,3.6074102422,3.6231848530,4.3454442468,3.5832059339,3.0912987347,2.9159906779,2.3109922598,3.8935142027,-0.6987012653,-0.8790077402,0.6141638202
5.0793138410,4.8885258521,4.3672174458,3.7326207820,5.3331856846,4.5594465545,4.7021224524,3.6282159638,4.6640062283,3.9410293761,2.4982054545,2.2062325107,1.9370096991,2.7688547806,1.9792777458,3.7589331794,2.9748898508,4.5976430534,4.1350655587,4.6203479235,4.2758071620,4.6801727211,4.2989641150,2.2779160381,4.0604477880,0.8901727211,-0.9120839619,-0.8119122622
3.1295084260,4.6055233613,3.1207357470,3.3350450671,3.4559576322,2.4021196225,3.3924515655,3.3551689506,3.1453095710,3.5121639438,3.4498000137,2.4354131275,2.3017079570,3.5273273243,2.9009350079,2.6230114110,2.7214125979,3.5571411634,4.0668753523,4.4184193887,3.2309720014,3.5293540467,3.1614427307,2.9230366861,3.4363053191,-0.2606459533,-0.2669633139,0.0695829074
4.3149441171,4.7095085161,4.4206395936,4.5455659678,4.1247386853,4.7190074062,4.6776606396,4.5074242909,3.7761206839,3.4411837008,5.1493272486,3.4731336866,2.5293037610,4.4289204175,4.2954833400,5.0049948420,4.1742162602,4.5780558752,4.1153683348,3.8321116732,4.5598820745,4.4230793760,4.2242793443,3.9752336907,4.3774381766,0.6330793760,0.7852336907,0.4971152549
4.5177197608,3.6896797522,3.4524680558,3.6988411569,3.0850285588,2.6693698083,4.1036990867,3.6064155690,4.2592399980,3.8328758937,1.4132358767,2.9854319560,2.8828011995,3.2960266611,2.1739756762,4.2425094911,3.4447157370,4.2348008657,5.0024227846,4.9375020633,3.3594132428,3.6887474569,3.6943200711,2.5502942739,4.2035606974,-0.1012525431,-0.6397057261,0.0647718316
3.3597880533,3.7439251975,3.7609806521,4.6377300550,3.5798977340,3.1911515602,3.2504357349,3.7595163558,3.4231246211,3.5638276463,2.8695975498,1.8277873560,3.3716216561,2.4977576242,3.1412900459,3.0333573595,4.6811263951,3.6141520635,3.6520415128,3.0195278276,4.8854256979,3.8164643384,3.4376111836,2.7416108464,3.8142718094,0.0264643384,-0.4483891536,-0.0118663223
4.7878519247,4.0163256433,5.3033551216,4.4334703160,5.7359332958,5.4965763458,4.1663019653,4.9115071928,4.9784377323,4.7785746279,3.6523421863,3.5672174378,4.1971438616,2.6304079891,3.9538797809,4.3373089275,3.4056605536,4.8255382652,4.0986363840,3.6004779117,4.2081675446,4.8553872603,4.8662795728,3.6001982511,4.0792982644,1.0653872603,0.4101982511,0.4370199909
2.6225953469,4.4682828352,3.5217320957,3.5178677936,2.9863047933,3.5832242511,2.0905890302,3.6727408223,3.3475523752,3.4884158431,5.0010473990,4.5855202859,3.7415860708,4.6264837161,4.4301247930,3.1445302180,4.1376007285,4.5521697151,4.4453835704,4.4177618024,4.2693640669,3.4233565729,3.2365044644,4.4769524530,4.1611350169,-0.3666434271,1.2869524530,-0.4718526578
3.2262656758,3.5684736222,2.1039575735,3.0052253753,2.4524089314,3.7720911504,2.7829384653,2.8934778926,2.6779965607,1.9491820889,2.4641174693,3.5078504112,3.2181050667,4.6410259567,3.4136771403,4.5874555982,4.1779486395,4.4204631202,4.5815138749,4.1212465797,3.6929216022,2.8712662356,2.8151372316,3.4489552089,4.2635915691,-0.9187337644,0.2589552089,-0.2379108938
3.1942442188,3.1906335932,2.3035766156,1.9503987386,2.9164885525,1.9351511350,2.1463876061,2.6227957389,2.6237528308,2.8111854770,4.9129969172,4.7883490207,4.4527325631,4.1623349137,5.2440491193,3.4262841613,3.2092909389,3.2154244195,2.7968252722,2.4464768332,3.5950120007,2.7110683438,2.4278545576,4.7120925068,3.1148856043,-1.0789316562,1.5220925068,-1.6422337894
4.2047241248,3.0551070729,3.7273948074,4.1108941515,3.3756634422,4.3740769891,4.4949130364,3.8911080550,4.5188801539,3.7659533187,2.7481350220,3.6030268185,2.8944509849,2.6276115739,2.1821519002,3.3898747433,4.7299455039,4.1087578580,4.4109553030,3.8253153668,4.6219997144,3.6947567198,4.2089863106,2.8110752599,4.1811414149,-0.0952432802,-0.3789247401,0.0360900352
3.6771723745,4.1464974792,4.8266569999,4.3612574736,5.1191819869,3.6321020563,3.1126189760,4.6158097062,4.0567042517,4.3713278228,3.9653403091,3.0607287448,1.8238622019,3.5495342016,2.7695234113,3.5866184881,4.5241466075,2.5654399675,3.2464653078,3.3340761914,3.5115939708,4.4261532628,3.9577125626,3.0337977737,3.4613900889,0.6361532628,-0.1562022263,-0.0993685559
1.5254724835,3.6375241027,2.4404944625,1.8400573739,3.0671657404,2.4940592505,3.0094347678,2.3810551407,2.3099697428,2.9342332334,3.2414467707,3.7038288160,3.2339645393,2.8183292729,3.5656760183,2.4031676773,3.3023103587,3.8154328890,2.8094514476,2.7764724831,3.9383195583,2.5021428326,2.6257504270,3.3126490834,3.1741924024,-1.2878571674,0.1226490834,-0.1579545012
4.7310372962,4.5924496118,4.7150806416,3.5016429148,5.4146946626,4.3000416396,5.1009385327,4.1591986813,3.5338868589,4.8264699117,2.5980535292,1.5506292061,1.7900102266,2.1442559037,2.8413816522,4.0694173516,4.8178263390,4.1523268624,4.9573214074,4.6506777839,5.7365340610,4.5909810254,4.3841071248,2.1848661036,4.7306839675,0.8009810254,-1.0051338964,-0.8050931791
3.5619454179,3.3999969598,3.0382896042,4.5288121714,3.6264313230,3.0008975113,2.2536621650,3.6250152461,3.1242797648,3.6601939567,2.2736684277,2.7702038118,1.8602861927,2.1162511097,1.9751772464,4.6818678815,4.9377476130,4.4194089755,4.5441690371,5.0208570535,5.4393201151,3.6310950953,3.1328097288,2.1991173576,4.8405617793,-0.1589049047,-0.9908826424,0.1574561119
2.8856016801,3.5894716493,2.7998413464,2.8067246883,3.6372291754,3.5518584184,2.6716917513,3.6121699549,3.3181655121,3.4413922152,4.3151818246,4.8765558005,4.5618682572,5.0407927974,5.0188653146,3.5583902478,3.4561752231,3.2017462697,3.2265917586,3.1497565624,3.1221427645,3.1437737079,3.3190555704,4.7626527989,3.2858004710,-0.6462262921,1.5726527989,-1.0162895870
5.1182022341,5.0550159400,5.0577464328,4.7068136600,4.1622335191,4.6736841406,4.4412637098,4.2900996897,3.9695238296,5.1323042688,4.9010084181,3.1753206807,3.7402345434,2.5641608242,3.4014154922,3.3112154222,4.0760060300,3.8224183227,4.2661129098,3.2963573760,3.8326727556,4.8200023572,4.5013751277,3.5564279917,3.7674638027,1.0300023572,0.3664279917,0.3774216952
2.0898176946,3.1600420577,1.9692277551,2.7377412141,1.7428066558,2.3724584131,1.7364425683,1.6880201087,1.6198575582,1.6288587544,3.7975703397,3.5203431921,4.4130754298,4.5291225451,4.5162904269,3.2864213739,3.1220227487,2.9818617436,4.3242560489,3.8020894656,2.8268017297,2.3399270755,1.8091274805,4.1552803867,3.3905755184,-1.4500729245,0.9652803867,-1.3997269534
4.2075638392,3.6209252286,4.1613790829,3.7339981402,3.0266930696,1.8505582899,2.7997689733,3.7243597330,3.2022360033,3.6706613586,2.7882023063,1.5184861799,1.5311743983,2.2110306267,2.7556966288,4.3470441380,4.2542507087,4.9425005465,4.4133745193,4.4969678466,4.6737987852,3.7501118721,3.0495168716,2.1609180280,4.5213227574,-0.0398881279,-1.0290819720,0.0410481533
4.4102011713,5.1441815367,4.2213324896,4.2897816017,4.3428894049,3.3209622482,2.5276992588,3.8497258591,4.2302938125,3.8554848335,1.8613647455,4.1725283065,1.4679385972,2.6649326303,2.9928795248,5.4145987874,4.3518304252,4.5852909310,5.0778451029,4.3714209019,4.3735638040,4.4816772408,3.5568332024,2.6319287608,4.6957583254,0.6916772408,-0.5580712392,-0.3860051749
4.0058340123,4.7461737262,4.3636881172,4.1273145985,3.6108126174,3.3426433995,4.4343434557,4.9871779444,3.8584590963,4.3823516951,3.1658724640,4.1443061385,3.8935063197,4.0795487272,3.5323359675,2.6081620998,2.9550578363,5.4335486506,3.0962833660,3.0402727633,2.9356477758,4.1707646143,4.2009951182,3.7631139234,3.3448287486,0.3807646143,0.5731139234,0.2182215020
4.5090295938,3.5929372288,3.4873153799,2.9531575111,4.0173206513,2.8528892867,4.1033446207,2.6190367191,3.5413659444,2.1104424790,2.6616006349,2.8701243144,2.9279798246,2.4931083378,2.1936630323,4.6028796803,3.7128248127,3.9346672306,3.6651399221,4.1258017444,4.1611416927,3.7119520730,3.0454158100,2.6292952288,4.0337425138,-0.0780479270,-0.5607047712,0.0437618451
4.5035635675,4.3769997663,3.4485174374,3.4652803165,4.1912855063,3.7853355039,4.7445043281,3.1567234078,4.6169814865,4.4932538446,3.1799283996,3.7783979543,2.4008910986,3.5804098122,2.7209367144,4.3764158796,3.2845429552,4.6122697763,5.3346453237,3.3431380517,3.6794716879,3.9971293188,4.1593597142,3.1321127958,4.1050806124,0.2071293188,-0.0578872042,-0.0119901372
4.1010536818,2.7313840120,3.2511725627,3.9141257225,3.6332778328,4.2422140926,4.6728992383,4.0252029501,4.2137433685,3.3444770112,2.8096598096,1.1555840707,2.6142022400,2.3836063664,2.8530848825,4.5053580286,3.9642860024,4.3096483685,4.6139015529,3.1722882721,3.8913126355,3.5262027624,4.0997073321,2.3632274739,4.0761324767,-0.2637972376,-0.8267725261,0.2181003086
4.2496879084,3.0921387015,4.2981743314,4.5496380856,4.3944147255,3.4819485338,4.1079139200,2.9727986895,4.0822771683,4.6069036360,2.7479666747,3.3494238075,4.1683908354,4.8639483286,3.5312040941,3.6985230113,3.3584812018,3.0939992296,3.4268197737,3.8478556085,3.6269223645,4.1168107505,3.8503683895,3.7321867481,3.5087668649,0.3268107505,0.5421867481,0.1771924580
3.7271875403,3.2412556737,4.3461985141,4.6650622623,4.0046359201,3.1858747038,3.1276454222,3.7973542599,3.9470428892,2.8559599544,2.3632265324,2.9561039224,2.2098293643,1.8794756363,2.8522307637,4.7636775230,4.3046579395,3.7382600488,3.3128536644,4.6067983351,4.2274320476,3.9968679821,3.3827754459,2.4521732438,4.1589465931,0.2068679821,-0.7378267562,-0.1526327322
3.6745037135,3.9930719706,2.9835806229,3.4056704388,3.7403984837,3.4265397038,3.8221397017,3.5896589229,3.8465428972,3.7082621099,2.5479715987,2.8931759281,2.7194793687,3.3499465327,2.3250568857,5.5269112248,5.2512642880,5.6444360323,5.1885181476,5.3547647950,6.0122014323,3.5594450459,3.6786286671,2.7671260628,5.4963493200,-0.2305549541,-0.4228739372,0.0974956812
3.3743584805,4.5950511831,4.2093363785,4.5733914539,3.3202678202,4.1226094860,3.8195785805,4.6894853586,3.8019131213,4.1193142476,3.4393694169,3.2771038214,2.7776025468,4.7200316410,4.0826558349,2.9997534662,3.1604568944,4.1163706616,3.4164676788,4.3105513625,3.4415622494,4.0144810632,4.1105801588,3.6593526522,3.5741937188,0.2244810632,0.4693526522,0.1053607824
4.0171817145,3.3064853729,4.0292972628,3.2656841398,4.0061745729,3.2837387469,3.5000265123,2.9044463254,3.5154141352,4.0948042552,1.9948488935,3.6429850678,3.6367845446,2.7633315194,4.3257648842,3.6684493358,4.4932886381,4.1445927084,4.2952651299,4.6772270319,4.7820526789,3.7249646126,3.4596859950,3.2727429819,4.3434792538,-0.0650353874,0.0827429819,-0.0053812219
5.5404510020,3.6739191612,4.3339268260,4.3823815676,4.7819082713,4.7731121165,4.6300828509,4.3706012700,4.2385748081,4.5132134169,2.0477580018,2.9799553936,2.2964086995,2.8747982769,2.6722552103,5.8747841642,5.2892591306,4.0977607796,4.1011392634,5.1043358419,4.0879971172,4.5425173656,4.5051168925,2.5742351164,4.7592127161,0.7525173656,-0.6157648836,-0.4633737680
4.5435203407,4.5864643746,3.3438186655,3.8455602224,3.3285021505,3.8378294607,4.3498621601,4.2491600995,3.3713876759,4.8714418628,2.1615860196,2.0370344262,3.6160960073,1.7717987225,2.2960228130,1.9077375739,2.3200269111,2.3461462412,2.7201949856,2.6413770926,1.9006467001,3.9295731508,4.1359362518,2.3765075977,2.3060215841,0.1395731508,-0.8134924023,-0.1135416977
2.9533292282,4.3593738308,3.4446785527,2.8992933665,3.3941854860,3.6985298527,4.3338660831,3.2005670921,3.3010005476,4.6065075735,3.9681571781,4.1823364940,4.2333102106,4.4445127795,5.5215653425,5.7647643093,4.4115932357,5.7468127295,4.8183519392,5.5912762490,4.6767804115,3.4101720929,3.8280942298,4.4699764010,5.1682631457,-0.3798279071,1.2799764010,-0.4861707576
3.5231419475,2.4389919429,2.7407496451,2.4054851775,2.3800473858,2.7399635056,2.5270968672,3.1107340333,2.8986291489,2.0007521179,3.3108205475,1.8895313195,3.5526128930,3.9048545311,2.2423103071,3.4648648412,1.9244635966,3.3471925003,3.4780445727,3.2726133148,4.6236281224,2.6976832198,2.6554351346,2.9800259196,3.3518011580,-1.0923167802,-0.2099740804,0.2293582114
4.5553952535,5.0649736111,3.9028253865,5.2467967525,3.7931788306,3.3884493698,4.4810657701,3.2801302188,4.6429070694,4.1978326847,3.8080974030,3.5895839205,2.7651005934,3.5577387310,3.1524044940,3.8934782775,3.4697630844,4.1761802219,4.6427237072,3.5027483711,3.0567414372,4.5126339668,3.9980770226,3.3745850284,3.7902725166,0.7226339668,0.1845850284,0.1333874113
4.7979095575,3.8174035151,4.8205983908,3.0704102105,4.1815075598,3.7117273787,4.1149113421,3.8920251669,3.8622947707,4.7309445767,3.3069454110,4.0614138558,2.1324206655,3.9837064259,2.6349397967,5.3994711573,5.1228594362,5.3274719130,5.3813918674,4.7518488768,4.2103664814,4.1375658467,4.0623806470,3.2238852310,5.0322349554,0.3475658467,0.0338852310,0.0117773490
4.5768786852,3.4574913208,3.3728012074,3.9185071980,3.5783436584,4.0381032786,4.0043487773,3.2840542001,4.2578874774,4.1553419145,3.7590231418,2.0005873691,3.5074474799,3.4466154027,2.9309913262,6.0346153357,4.3910816432,4.8625982546,5.2725936497,4.5222152488,4.9265351393,3.7808044140,3.9479471296,3.1289329439,5.0016065452,-0.0091955860,-0.0610670561,0.0005615474
3.5194109580,2.5960516510,2.7970342996,2.9432569157,3.9570811320,2.6499212803,2.6853087314,3.5596926647,2.9194970485,1.9317979316,2.6740985166,3.2849804091,2.8258558453,4.1887809644,2.6017640074,3.5158516702,2.4170769061,3.5155944395,2.9146493019,3.6752095543,2.7207600974,3.1625669912,2.7492435313,3.1150959486,3.1265236616,-0.6274330088,-0.0749040514,0.0469972744
4.1498174083,3.9788080443,3.5508305957,3.7221823953,2.3781039214,3.4645454800,2.4278937461,3.0261281623,3.2210475279,3.0541781226,2.3479821250,2.2378078127,2.4368166031,3.1988132191,3.5419299918,2.9039717569,3.5940940074,3.3883897047,4.0301037802,2.5584934825,3.8644108292,3.5559484730,3.0387586078,2.7526699503,3.3899105935,-0.2340515270,-0.4373300497,0.1023577659
4.6836998167,4.1863675261,4.8329366727,4.7503023875,4.4422667322,3.9599888627,3.7106043991,4.8087022731,3.3318692228,4.4590163132,3.7354088313,3.7510624356,4.5041106972,3.4698193591,3.8509310618,3.5135310478,2.8786937603,2.8707408094,3.5041722414,3.2412711646,3.7109834332,4.5791146270,4.0540362142,3.8622664770,3.2865654094,0.7891146270,0.6722664770,0.5304953103
5.0759612477,5.1204256608,4.3710825986,5.4366843795,5.2393817783,4.8571754778,4.6125061130,4.1467898527,5.1561770329,4.8045019723,4.7301438499,3.7341677814,4.0179412754,4.1374386198,4.3209267640,3.5256170125,5.0138079121,3.8731312642,4.4764639795,4.8025518083,3.9855556248,5.0487071329,4.7154300898,4.1881236581,4.2795212669,1.2587071329,0.9981236581,1.2563453680
3.5746656169,3.8964123875,4.4059037313,4.3362206162,4.2207338465,3.8042427256,4.1192953996,3.3487285336,3.1572911955,3.9674205632,3.7319701622,3.0239320210,2.6381992897,1.9319960806,3.4668206966,4.2847771080,3.6540119605,4.7820654061,4.6404467166,3.8768143387,4.6521982030,4.0867872397,3.6793956835,2.9585836500,4.3150522888,0.2967872397,-0.2314163500,-0.0686814197
3.3924384925,4.5589406696,4.2600637324,2.0956878810,3.7336440705,3.1126255565,3.5642877505,3.4880198105,2.6507041504,3.4596607877,3.1252509843,2.7937939132,2.8195869624,3.5918998214,3.7210921337,4.9241121990,4.9313461757,4.4561469171,4.3233299037,3.6232687672,3.7353549496,3.6081549692,3.2550596111,3.2103247630,4.3322598187,-0.1818450308,0.0203247630,-0.0036959572
1.7108459071,3.5840500984,3.5958548378,3.0476839289,2.9938543946,3.1975266171,2.8232272585,3.4550810987,3.2945001113,3.1584055339,2.8478998625,3.2844482217,1.7112742869,1.8982937252,3.1098051250,4.1141557439,4.0345304202,4.0549435938,3.7215607481,2.8534038112,3.3590215158,2.9864578334,3.1857481239,2.5703442442,3.6896026388,-0.8035421666,-0.6196557558,0.4979195285
4.6298306032,4.7857721665,4.4772960755,3.5026235960,4.0075650318,3.4100003510,3.6722618287,4.7763768608,3.6920684658,3.3908762489,3.0733712079,2.0864728355,3.5073384336,3.2198340094,3.3343841996,3.3022076656,3.8394992240,3.6390359717,3.5838176918,4.2811134699,4.6425581732,4.2806174946,3.7883167510,3.0442801372,3.8813720327,0.4906174946,-0.1457198628,-0.0714927140
3.3527726954,2.8254183722,2.7564747417,3.5047573898,2.5825201509,2.9119282329,3.0528437316,3.9841999683,2.4594920308,2.7879390457,5.2069779853,2.5537131976,3.4697866954,2.9764817406,3.9495414226,3.7575152780,3.0200193784,3.4553110651,3.7021596162,2.1279048651,3.2906070743,3.0043886700,3.0392806018,3.6313002083,3.2255862129,-0.7856113300,0.4413002083,-0.3466904436
3.7942144343,3.7497519996,5.2897048909,3.9921315925,5.1645946022,5.1964090602,4.7656057175,4.1819129627,3.6682163941,4.0336609391,4.6193919453,3.9194778137,2.8230434593,3.1800767609,4.2709752072,3.0263251264,2.6296546497,3.7119325743,3.2479080447,4.8699977836,3.3430120294,4.3980795039,4.3691610147,3.7625930373,3.4714717014,0.6080795039,0.5725930373,0.3481820900
3.0825576866,2.8924926093,3.3042842616,2.8351601492,2.3754261070,3.0383310666,3.1033320822,2.1044381307,2.7173642805,2.3568090354,3.9213741288,3.1600757423,4.1273847127,2.8052966789,3.2202435982,4.3963278412,4.5055419918,2.8569993647,3.0518312519,3.6711978988,3.5496065620,2.8979841627,2.6640549191,3.4468749722,3.6719174851,-0.8920158373,0.2568749722,-0.2291365434
4.4164547185,4.3946953532,3.5630817250,3.4769519209,5.2209069029,4.2004055228,3.4953552221,4.0362654734,3.6041307617,3.8477985910,1.8250907141,1.8388483653,2.3534237968,2.5781237135,2.3082987371,4.1634204671,5.1133465591,5.1148378650,5.8636774828,5.0488302830,5.0070113413,4.2144181241,3.8367911142,2.1807570654,5.0518539997,0.4244181241,-1.0092429346,-0.4283409931
3.5436543512,3.8807145871,2.9043913722,2.8411604204,4.4296422933,2.7568280563,3.4306410937,3.8898889202,2.2166147401,3.2043967212,4.6172893115,3.7843986113,3.5612671341,3.7577886371,2.7203548247,3.6900938834,3.2736491866,4.8041416848,3.1440089551,4.4440065797,3.5673971776,3.5199126048,3.0996739063,3.6882197037,3.8205495779,-0.2700873952,0.4982197037,-0.1345628620
3.2123790653,3.0414858429,4.3060143491,3.8295675100,3.3746398035,4.5342174548,4.0032761013,5.1466839704,3.6463497574,3.5924954343,3.3399794126,2.7685545410,2.9985212359,3.4796757257,2.4764989190,3.7744171343,4.0640181570,4.6304127628,5.0710702318,3.9670186629,3.5526530047,3.5528173142,4.1846045436,3.0126459668,4.1765983256,-0.2371826858,-0.1773540332,0.0420653059
4.1817913279,4.9846899045,4.9182220795,4.7207678978,4.4231879307,5.0197841584,4.1987172987,4.4353337214,5.1025353226,4.5608434246,2.9128566008,1.9824404572,2.1972519241,1.0776383351,1.6089947230,5.1169803817,5.6000022077,4.6584952629,4.5190914708,4.5300502993,4.5677170448,4.6457318281,4.6634427852,1.9558364080,4.8320561112,0.8557318281,-1.2341635920,-1.0561130667
3.7541012259,1.9760167100,3.5956823495,4.5613788067,2.7777767374,2.9935809425,3.4464309808,3.7591594692,2.7375286913,3.1973806990,1.3523686840,2.4212909995,1.3546605663,3.6941921442,2.5282615133,2.2234431175,2.7957672803,3.8843797089,2.2674617112,3.2999469022,2.8986479597,3.3329911659,3.2268161565,2.2701547814,2.8949411133,-0.4570088341,-0.9198452186,0.4203773909
3.6829536845,2.7119395084,2.9793285970,4.7314085119,3.7522766522,3.9920177078,3.3750234533,4.1499758946,3.4949323166,3.6611704787,2.9275933958,2.8931927234,3.0516210205,2.2494632169,3.3757649252,4.6200079699,5.1158553887,4.4066195449,5.2941841485,4.3993246385,5.2997802562,3.5715813908,3.7346239702,2.8995270564,4.8559619911,-0.2184186092,-0.2904729436,0.0634446964
3.5569913419,3.4132171196,1.7852203227,1.8634675170,2.4950947678,1.9030070862,3.2352557461,2.5911738439,2.5214849987,3.6485127530,3.1686627154,3.7040443737,2.1444009200,3.3579025310,3.6783004291,3.3063583263,4.4018297128,4.1487094460,4.2541759121,3.1387762692,4.5360331314,2.6227982138,2.7798868856,3.2106621938,3.9643137996,-1.1672017862,0.0206621938,-0.0241169496
5.8009091952,4.3779009183,5.7589477311,5.3821984489,6.2530275488,5.8122149935,5.2260251800,5.1517917814,5.6485944898,4.6813465152,4.3768146314,5.6879375595,3.2617721991,4.8346665983,4.2074547276,3.3991280468,3.6011850205,3.5318030639,3.9716621034,3.7947809049,3.1796363794,5.5145967685,5.3039945920,4.4737291432,3.5796992531,1.7245967685,1.2837291432,2.2139151319
4.3944569382,4.1799826135,4.2890053759,4.3173551070,4.1371006830,5.0965073687,3.2978453694,3.8116827310,3.2907632470,3.7963097861,3.2288814511,4.1504716304,5.3722169757,4.6701235353,4.4851686394,4.0771555865,3.9800902606,4.5355478818,3.8566547409,3.9875290783,4.1399115516,4.2635801435,3.8586217004,4.3813724464,4.0961481833,0.4735801435,1.1913724464,0.5642103341
2.3816766295,3.2310007550,4.4880554829,3.3520752558,3.9862967863,4.0038019695,3.1561505774,3.1304897996,3.7583720703,2.1453466766,2.8270245507,3.1302915994,3.1060064255,3.0944541125,3.3998287220,3.6744176782,3.9913452479,4.0646492404,3.2037278676,4.2258618936,3.9854300557,3.4878209819,3.2388322187,3.1115210820,3.8575719973,-0.3021790181,-0.0784789180,0.0237146824
4.3679894225,5.5640162331,5.1613220818,5.5520744884,5.2324682367,5.0643507479,4.5634325717,3.7470157781,5.5177491453,6.2053764839,3.7910518308,4.3196427995,2.8659437888,4.2985397219,3.0268073542,4.3934697298,3.6302762775,4.6077099282,4.4010278503,5.4644128284,3.6966457644,5.1755740925,5.0195849454,3.6603970990,4.3655903964,1.3855740925,0.4703970990,0.6517700336
3.2925092701,3.2122845513,3.9432346810,3.4253711379,4.1856255896,3.9782671725,2.9774329569,4.4915999226,3.1982446719,4.1370350049,3.0769673504,2.8264123994,1.1255061131,2.9368746088,3.0668175601,3.9421673628,4.0368909505,4.5714761495,3.8618698842,4.5673340330,3.7451551127,3.6118050460,3.7565159458,2.6065156064,4.1208155821,-0.1781949540,-0.5834843936,0.1039739747
3.3073125088,3.7093211894,4.0200358991,3.8851889501,3.9043254993,3.6844639483,3.2899855132,3.9061689474,3.3241264600,3.5981002975,3.3590857607,3.2156804477,4.3768047340,3.9234567656,2.1363049682,3.2556727049,4.3062929922,2.4069885874,3.0463835198,2.2084722650,3.5016985049,3.7652368093,3.5605690333,3.4022665352,3.1209180957,-0.0247631907,0.2122665352,-0.0052563967
4.9655356199,3.7620042627,3.4499235205,5.5152393261,5.6438473964,5.8502787060,4.0655918916,4.4188752667,4.2665730023,4.5709946654,4.3459315082,2.6153190786,4.8067801622,3.1775450387,3.9651547929,4.5941016488,4.7081146321,3.8126192668,3.4102635828,3.8255087831,3.3193657313,4.6673100251,4.6344627064,3.7821461161,3.9449956075,0.8773100251,0.5921461161,0.5194957240
4.5385033199,4.6339708572,3.8808866625,2.5661830456,3.8615838800,3.4112606899,4.4599760853,3.1066765732,4.0769380416,4.0440384859,2.8095830673,3.0001632321,2.4495795598,2.2634584953,2.3647214205,4.0434600619,5.0426334815,3.9500919440,4.1340774445,4.2452129188,4.6944916073,3.8962255530,3.8197779752,2.5775011550,4.3516612430,0.1062255530,-0.6124988450,-0.0650630285
4.0082262713,3.0217368102,3.0042975198,3.6472056241,2.9760115865,3.6938417844,2.8849789051,3.8207543489,3.2897795932,4.0445410982,4.2727885732,4.6726923509,2.5507623928,3.7297501288,3.8032447249,2.9403594515,3.3020030104,3.1496307002,3.1095596880,3.8843048281,3.8762875466,3.3314955624,3.5467791459,3.8058476341,3.3770242041,-0.4585044376,0.6158476341,-0.2823688731
2.4289523348,2.2040102950,2.4936813155,2.8817255587,3.5303184744,2.0999224311,2.1769088525,1.5467716562,1.8592594703,2.3716106282,4.8055204729,3.3256682253,4.2460308199,4.1309902024,4.4712792025,2.3242027543,2.2172828987,2.2288476336,1.7246587793,2.7003395421,1.7315314369,2.7077375957,2.0108946076,4.1958977846,2.1544771741,-1.0822624043,1.0058977846,-1.0886453548
4.6696379032,3.5350928874,3.6965595212,4.1815826327,3.5516858401,3.4823702961,2.8924350577,5.2759853809,2.9540415784,3.4486754187,2.8138804519,1.8688077540,3.9042450577,2.2316829273,2.8529270507,4.5445274740,4.5485407888,4.4147085813,4.2895280419,4.7284983703,4.5803583536,3.9269117569,3.6107015464,2.7343086483,4.5176936016,0.1369117569,-0.4556913517,-0.0623895036
2.4560996568,4.8128160835,3.1740052237,3.8336439878,3.6862415026,3.2393595635,2.8263831651,3.4071861091,4.2192605586,4.7091011796,3.3649704684,2.7560601067,3.0702010871,3.6564862406,3.5302916251,3.5193735125,3.4803057469,3.8194188128,3.0712802634,3.3201982588,2.4559293176,3.5925612909,3.6802581152,3.2756019056,3.2777509853,-0.1974387091,0.0856019056,-0.0169011297
4.8522444627,4.5225378162,4.8606777368,3.7503162014,4.8601703223,5.2214997593,4.4595530861,5.1016158135,3.3595203562,3.7038712461,4.9958289507,3.5305297447,3.2895737334,3.8021328369,2.0375823241,3.9671444285,3.2162386051,3.4961432355,3.5907635634,4.7913906907,3.5208135291,4.5691893079,4.3692120522,3.5311295180,3.7637490087,0.7791893079,0.3411295180,0.2658044730
2.7235321544,2.9569289773,3.5474465761,3.1146260363,3.6376926586,3.7528748810,3.2170927095,2.5300085370,2.4623051211,3.0278621022,4.8160057592,3.3963635282,4.3312703163,4.3012583220,3.9505906133,3.2808418666,2.7225454653,3.2572697151,2.8342618596,2.9565407337,2.8836446136,3.1960452805,2.9980286702,4.1590977078,2.9891840423,-0.5939547195,0.9690977078,-0.5756001572
4.4930440785,5.9313955164,4.3592410881,4.3362686686,4.4617602415,4.3556975142,4.8004585854,3.9740147360,4.2233757895,3.9667066389,3.7867569411,4.2495475798,3.3201232782,3.6929420252,3.8490770594,3.3305366215,4.1658934102,4.5394601277,2.7301356448,4.1217631108,3.4959703235,4.7163419186,4.2640506528,3.7796893768,3.7306265397,0.9263419186,0.5896893768,0.5462539887
3.6073156551,2.9639744015,3.7964031804,3.1641626216,3.4727748186,3.6382231580,3.6016609417,2.8388040255,3.6519714094,2.0488532746,1.2084482155,3.3268824263,1.9596645502,2.3253865961,1.7299680280,3.5335097185,3.3438867943,3.7989070682,3.6729141190,3.3649420709,3.5261554722,3.4009261355,3.1559025619,2.1100699632,3.5400525405,-0.3890738645,-1.0799300368,0.4201725528
2.5152156966,3.7149045749,2.1825376394,2.2190128080,3.4556614206,3.1826739493,2.8207064261,2.2355346614,2.5520335677,2.5073475661,2.1826693778,3.0272877387,3.1749587528,2.7008127775,2.1802141351,3.7434889591,3.5378786864,3.3902677950,2.3966950853,3.2506253035,3.0675246858,2.8174664279,2.6596592341,2.6531885564,3.2310800859,-0.9725335721,-0.5368114436,0.5220671508
4.3695598562,4.7941747835,5.2147383787,4.8548581467,3.9549180180,3.7037114865,4.0213841963,3.5523764860,4.1097620813,4.5487371054,3.0445033835,2.4706418180,3.7790389056,1.4318352875,2.7842517859,4.5493583649,4.0634025301,4.0495820759,3.3997679593,4.8306120563,4.0851380076,4.6376498366,3.9871942711,2.7020542361,4.1629768324,0.8476498366,-0.4879457639,-0.4136071471
4.1902051575,3.1330275055,3.8679494996,3.7868253438,3.6644248460,2.7890251148,2.5840660455,4.4022001032,3.2840176717,2.9578412797,3.6432062022,4.2131977832,3.7977608906,3.0759915000,3.8469237289,3.4916978706,3.4407797425,3.7146443340,3.5073865762,3.6141921583,3.9052156628,3.7284864705,3.2034300430,3.7154160210,3.6123193907,-0.0615135295,0.5254160210,-0.0323201939
3.4366054483,3.8437195841,4.0594421780,2.2674693124,4.5989348774,3.0321249617,3.5270189365,4.2317289386,3.9021867362,3.5894085134,3.0492474010,3.9796348787,2.7282092251,2.6184651571,2.9550414271,3.9939479989,4.8999885257,4.4662566161,4.0589177981,4.7024550634,4.0250338815,3.6412342800,3.6564936173,3.0661196178,4.3577666473,-0.1487657200,-0.1238803822,0.0184291543
3.6956830444,3.7687669648,4.1469369643,5.2604556164,5.2236877377,5.3998223337,5.0302758327,4.9209890683,5.7762453428,5.3196985812,2.5207682175,3.2028612915,3.3285187658,3.5195365343,2.8640850359,4.2525415564,5.0833363063,5.3327619266,4.4013676536,4.5389846501,4.8568359402,4.4191060656,5.2894062317,3.0871539690,4.7443046722,0.6291060656,-0.1028460310,-0.0647010619
3.6358667899,4.5817832449,4.1755278077,3.9805328922,3.4912923387,4.1154603716,4.4330201053,4.6225784409,3.6684234197,3.1148097256,2.0082076363,3.2122901780,2.4751158221,1.6789133866,2.9347081562,3.7752259507,4.1839678654,3.6479472666,3.6227817195,3.7063080837,4.6565521163,3.9730006147,3.9908584126,2.4618470358,3.9321305004,0.1830006147,-0.7281529642,-0.1332524400
3.2485635055,3.7596488665,3.5952917514,4.8769817698,2.9919387889,4.1742737525,2.7028266819,3.3365329754,3.2156980540,3.8700427502,2.3485757499,2.3996283553,3.4516328774,2.3301654727,3.2917871821,3.7533488894,3.8222887261,4.4378358780,3.1738645813,3.8837026381,3.7932723797,3.6944849364,3.4598748428,2.7643579275,3.8107188488,-0.0955150636,-0.4256420725,0.0406552296
3.9105405218,3.9373338574,4.5708057807,4.0230037460,4.2263922396,3.9256079513,3.8904998624,3.2695618509,3.3992947030,3.8096643985,3.3113715654,2.8619911711,2.4482605149,3.9557061049,2.8630189452,3.3334540278,5.2444192328,3.9826903785,4.4769898608,4.0217123181,4.9583896661,4.1336152291,3.6589257532,3.0880696603,4.3362759140,0.3436152291,-0.1019303397,-0.0350248170
2.9612544105,3.6722830427,3.2363521870,3.7137950268,4.5866034680,3.1770447852,3.6846018002,3.5698272942,3.8502384026,2.9896712194,3.7585541997,2.3199419516,3.2691499910,3.5916632120,2.6493278353,3.0092710792,2.7954146128,2.1645616570,2.3161899252,2.8210021657,2.6715948136,3.6340576270,3.4542767003,3.1177274379,2.6296723756,-0.1559423730,-0.0722725621,0.0112703548
4.4540154953,3.5886358001,3.6540230434,3.9274079207,4.2446379956,2.6718933081,3.3714497440,2.5175568511,2.9627767919,2.7007887969,3.0007627498,2.2813860213,4.1975201298,2.9542574176,2.4397893600,5.0048014240,4.6350377799,4.8516247475,4.5598000518,4.4338899452,4.9601897653,3.9737440510,2.8448930984,2.9747431357,4.7408906189,0.1837440510,-0.2152568643,-0.0395521683
3.8377346624,2.9003734945,4.1949786320,3.4977406338,2.9724864028,2.9344144140,2.8633986390,3.5223762378,3.3050158668,3.7889686951,3.5901687408,3.2210570153,3.4351749466,3.5424808414,4.0583629928,4.0172291207,5.1488618526,4.5508261767,3.3677768655,4.3911900964,4.6411847345,3.4806627651,3.2828347705,3.5694489074,4.3528448077,-0.3093372349,0.3794489074,-0.1173776758
3.2876111924,3.7216788295,3.2034645451,4.9628659938,4.3810083046,3.2524361763,3.3023863508,4.2097081390,3.9737004722,3.0532484358,5.3785395610,4.2714529546,4.7685792423,3.9083970443,3.4706304409,4.6683034786,3.6363774221,4.1888665291,3.7975865749,3.1395301551,3.0028540782,3.9113257731,3.5582959148,4.3595198486,3.7389197064,0.1213257731,1.1695198486,0.1418928998
3.7124949137,2.7975269283,1.8978782162,3.3767697792,3.2823393140,2.5042050680,3.0628446586,1.4937456445,2.3642135050,2.2708879915,2.5603515385,3.6861935948,3.0964962032,2.3990445564,3.0082520369,1.8093349168,2.3362390839,2.2560485958,2.3835801630,1.8264415519,1.0531190509,3.0134018303,2.3391793735,2.9500675860,1.9441272270,-0.7765981697,-0.2399324140,0.1863310736
2.7215998825,2.9200857007,2.8421781166,1.6052085671,3.0313243231,2.7051385140,3.3032969513,2.4231648418,4.7048340572,3.3220089724,2.6664819605,3.1049528169,1.7724604495,3.3208378425,1.7315471323,3.9411703556,2.6051127252,4.0805326299,4.5758476094,4.0520384825,3.4100980289,2.6240793180,3.2916886673,2.5192560403,3.7774666386,-1.1659206820,-0.6707439597,0.7820342549
5.7061269184,5.1061508324,3.9088157183,5.1720027195,4.7143076923,3.7040281816,2.9002276395,3.7972145163,4.7774076281,3.5685886321,2.3376151292,2.8891620002,1.9928061828,3.2480588815,2.8415613149,3.4015977534,3.4690542063,3.5113640765,3.5703212608,3.4596369438,3.6052213702,4.9214807762,3.7494933195,2.6618407017,3.5028659352,1.1314807762,-0.5281592983,-0.5976020928
2.9484759036,4.0383640554,1.8121778811,1.5724478672,3.1816933097,3.0488467105,3.1330035935,1.0458724530,2.3174012470,2.3858973381,3.6903051667,3.0956645161,3.5628406866,3.4394077912,4.6115490300,3.7967034220,3.1321079658,3.1097376617,3.9867124491,4.3308336461,3.2749302999,2.7106318034,2.3862042684,3.6799534381,3.6051709074,-1.0793681966,0.4899534381,-0.5288401589
3.4359928856,5.1045576449,4.5712482441,4.1891178369,3.5783950090,3.9950134998,3.6081180251,3.9714777638,3.4509975064,4.5567504952,2.4292010050,2.8103626475,1.9871016699,3.0612433872,3.7994639471,2.8072426892,2.3798833496,3.1448801094,2.7643310981,2.2781112160,2.9708355751,4.1758623241,3.9164714581,2.8174745313,2.7242140063,0.3858623241,-0.3725254687,-0.1437435431
3.4989955039,3.5206342232,3.9537423643,4.6231872231,3.2386427729,3.8030449105,3.9916764682,3.3509679803,3.0523725263,4.2035907391,2.8000366065,1.4543593355,2.7948224466,3.1692852981,3.4470710230,3.0598243645,3.1740702134,3.5093781534,3.1869933494,3.2779675559,2.3187019834,3.7670404175,3.6803305249,2.7331149420,3.0878226034,-0.0229595825,-0.4568850580,0.0104898902
5.0042385533,5.0531652392,4.1872278521,4.1417795232,4.9122277047,3.8018413565,4.0789342719,4.4790913025,3.4055112988,3.9770047186,2.8124040339,2.5586568886,3.1160981139,3.1647945948,3.9894816502,5.3391573939,5.0255811281,4.9920915243,4.4969921144,3.2197907013,5.0595989914,4.6597277745,3.9484765896,3.1282870563,4.6888686422,0.8697277745,-0.0617129437,-0.0536734612
2.7718010169,4.2535364324,3.2296969375,3.7711295724,4.0820185363,3.6461572671,3.1600495597,2.9796198773,3.6921435227,2.6189864440,1.0227309320,1.5350039215,1.3053454651,2.1791457540,1.3366165274,3.7148306673,4.1509947231,3.4955178856,3.8689319686,3.8301325642,3.4843778591,3.6216364991,3.2193913341,1.4757685200,3.7574642780,-0.1683635009,-1.7142314800,0.2886140133
4.0937842357,4.1830839812,4.3001487319,5.2282095477,3.1604381803,3.0366985795,3.6899328278,3.0167490500,3.4882790346,3.2004324505,2.6640202035,2.1622214396,2.4793524675,2.8403342977,0.9985975600,2.9894606240,3.0223263002,3.0528834188,1.7110939747,2.5327783427,2.6509516002,4.1931329354,3.2864183885,2.2289051937,2.6599157101,0.4031329354,-0.9610948063,-0.3874489704
5.7237827258,5.2700374923,3.6571141502,5.0673657739,4.4823749359,4.4759661950,5.0639695337,4.9202730978,4.4804222246,4.5506320210,2.5730763974,2.2043579979,2.1292153866,2.8044334594,2.7974507313,4.2683337526,4.7807521248,3.1931403296,4.2123301408,3.9937020270,4.2263056984,4.8401350156,4.6982526144,2.5017067945,4.1124273455,1.0501350156,-0.6882932055,-0.7228007961
3.4086037702,4.0377652763,4.3007029981,4.2364721394,3.0368396800,3.6030062589,3.6281510024,3.4700734481,3.4312851074,4.5154625418,3.3837908887,3.9121124893,2.2007487528,2.6085019878,3.1800344938,4.4922057735,4.7449391425,4.6457664443,3.2910740664,4.2343206417,4.2689401009,3.8040767728,3.7295956717,3.0570377225,4.2795410282,0.0140767728,-0.1329622775,-0.0018716798
3.5487171436,3.6006975230,4.2595991291,4.4693990554,3.8618010727,3.7603936379,3.8717629748,3.0076529272,3.4332729853,4.7892000136,2.8302802040,3.8448589907,2.2052833796,3.0917796134,2.1227167860,3.2412221139,3.1601701339,3.8302365814,2.7021061296,3.6475370925,3.2931351106,3.9480427847,3.7724565078,2.8189837947,3.3124011937,0.1580427847,-0.3710162053,-0.0586364343
4.2490478850,3.8221536369,4.0066383962,3.2880934603,4.7092272726,4.7657262763,3.6296986511,2.9266894018,4.2464408596,3.2835105460,2.5250816431,2.6816691280,1.9647993684,1.9883372071,0.4912297235,3.7378681683,2.7714450627,4.0327527556,3.9958159599,4.6926772322,4.5094517710,4.0150321302,3.7704131470,1.9302234140,3.9566684916,0.2250321302,-1.2597765860,-0.2834902087
3.6234544977,3.3178430111,2.0967210900,3.3305325619,3.4833216940,3.4617237448,2.6789646742,2.4918518638,2.6514862951,3.3072281424,4.1449448204,4.2798335527,2.4945310622,4.2582068614,4.5331587598,2.9467808760,3.5164791712,4.1738095101,1.9484290353,3.0900769782,3.3014913205,3.1703745709,2.9182509441,3.9421350113,3.1628444819,-0.6196254291,0.7521350113,-0.4660419791
3.4565304347,2.5102921400,2.7221942817,4.3633675179,2.4269794106,2.9821000170,2.5783817979,2.4336078912,3.0742858644,2.9870886495,4.3368225147,2.8846742470,4.3404395257,3.7877679081,4.7116391050,3.5389809033,2.5338473856,2.6618746962,2.4717268394,3.0812234209,3.3845699240,3.0958727570,2.8110928440,4.0122686601,2.9453705282,-0.6941272430,0.8222686601,-0.5707590780
3.3944287872,4.1963369937,4.8617537067,3.9516623479,4.2082574443,4.2356490183,3.9964287199,4.2004290003,3.9919192949,4.8320412842,3.2822412818,3.3947680660,2.6312573004,2.0834225130,3.1584033262,5.2462242927,5.3134692890,5.6539078173,4.9183404743,4.9099823197,4.8559026109,4.1224878560,4.2512934635,2.9100184975,5.1496378006,0.3324878560,-0.2799815025,-0.0930904495
5.4934981192,3.9569353093,4.6628324485,4.7685851650,4.9015764652,4.8092629316,5.2566824428,5.0781147984,4.5398371842,4.1921916440,3.0320913887,2.8912408169,2.8037490855,3.1014727885,3.4810659284,5.7261993584,4.9027330908,5.1673881672,5.4314570606,4.7329046220,4.9472513261,4.7566855014,4.7752178002,3.0619240016,5.1513222708,0.9666855014,-0.1280759984,-0.1238092107
4.2127248427,4.5965768770,5.8530714188,4.8527491620,5.4787574341,4.2987169976,3.9407241228,4.7452661454,3.7428932707,4.3251782108,3.8597848978,2.8654689467,3.6166934554,2.0088627861,2.9426640418,4.4069677198,3.7406637456,4.6068498104,4.2439540710,4.3658798793,5.1411245761,4.9987759469,4.2105557495,3.0586948256,4.4175733004,1.2087759469,-0.1313051744,-0.1587185366
3.7347083116,3.7943472868,3.6802821808,4.3282288214,3.4214249461,2.8402508838,3.1627468739,2.9753251693,3.2320948291,3.3801792835,5.1668397101,4.2130873582,4.0849442549,3.9674292840,3.9944470395,2.1223534684,3.5711399911,2.8589482389,2.8320233922,2.9989601954,1.6501256439,3.7917983094,3.1181194079,4.2853495293,2.6722584883,0.0017983094,1.0953495293,0.0019697773
4.3126250876,3.4360492644,4.7985139403,3.8608272288,4.7708484859,4.1517267283,4.4466252387,4.7995515465,3.7865775564,4.4232313464,3.3317758685,2.6397439074,3.7305943243,3.4439921061,2.8555234901,4.8597354660,5.0163700091,4.7218854764,4.5513405803,4.8329013198,5.5252908135,4.2357728014,4.3215424832,3.2003259393,4.9179206108,0.4457728014,0.0103259393,0.0046030229
4.7036547406,4.4685269912,4.3445887417,3.9480958782,4.0762788258,3.3734139326,3.3747352846,4.0544811699,3.7577493233,4.1685758851,3.5764483795,2.6839526654,4.4852365871,2.0351945478,3.4072490972,3.9097710792,3.6314657462,3.6419267657,3.9339190817,3.1350440871,3.6036472250,4.3082290355,3.7457911191,3.2376162554,3.6426289975,0.5182290355,0.0476162554,0.0246761261
2.5886027091,3.2879605289,3.1150917345,2.7583867622,3.4094195187,2.2856559675,2.4288081706,2.0754799747,2.5819526395,2.3803286853,3.4989524596,3.1517660018,1.2549017314,2.6176689840,2.6671178283,2.6764044919,3.2835827861,2.7979284656,3.0878332131,3.4938122337,2.2766363891,3.0318922507,2.3504450875,2.6380814010,2.9360329299,-0.7581077493,-0.5519185990,0.4184137669
4.3283960207,1.9655989924,3.2180911870,4.5049431662,4.0917278771,3.5714069317,4.2406678508,2.9314722671,3.2114396799,3.1273529013,4.2476431752,3.6785474096,4.0285940280,4.7785254765,3.5371657563,3.4542411878,4.0810604593,2.2920766769,2.9960408342,4.3330189600,4.3205436108,3.6217514487,3.4164679261,4.0540951691,3.5794969548,-0.1682485513,0.8640951691,-0.1453827604
2.8971186770,3.5265128072,3.6751861808,3.6345673321,2.5992370723,2.9432545570,2.8752908427,3.0447257174,2.8754504680,2.9519441293,3.5228639474,2.0604837199,2.7519587266,2.7026866165,4.1394054638,3.1961232315,3.7998561276,3.0526522253,2.6041455664,3.2340954314,3.2980959032,3.2665244139,2.9381331429,3.0354796948,3.1974947476,-0.5234755861,-0.1545203052,0.0808876073
3.7814366476,4.4622110105,4.2145827141,4.3185554467,2.8540225427,4.4817989794,3.6875060888,3.7026493817,3.4038355217,4.8247183033,3.9249770876,1.9422806459,2.8116031419,2.4793773343,2.9857415229,3.3466713467,2.9326666343,3.6489172118,2.4988213304,2.6134776583,3.0827432141,3.9261616723,4.0201016550,2.8287959465,3.0205495659,0.1361616723,-0.3612040535,-0.0491821480
3.2474456653,2.6833326976,2.2814632449,2.4550456229,2.2661369379,2.2610647576,2.8303865138,2.4529593366,1.9721840210,2.4811881045,3.9888475975,4.5893224462,4.4560130858,5.0225777926,3.2305716519,2.7068110190,2.6639693258,3.8987362277,2.4223551650,3.2271419556,2.7667427267,2.5866848337,2.3995565467,4.2574665148,2.9476260700,-1.2033151663,1.0674665148,-1.2844986467
4.4165164794,3.1917961988,3.8932167370,3.2667587467,3.1197833742,2.7405270565,2.9286733423,3.4569271061,3.7688188281,3.4888212226,3.5231429973,2.4086013758,1.8033249666,3.0597685858,2.4006750264,4.3201013518,4.2744129040,4.9801785024,4.6409361321,5.3812560515,4.8328714609,3.5776143072,3.2767535111,2.6391025904,4.7382927338,-0.2123856928,-0.5508974096,0.1170027280
4.3335386376,4.9676834076,3.9306570224,3.3335754751,4.6963548948,4.6467720116,4.3571079229,3.3353367977,4.4023520684,4.1165654548,2.7955780455,0.9581984272,1.5837019694,2.3165495020,1.3342886929,2.7298256680,4.6196932376,4.4398564434,5.3140693212,3.7171986063,3.7987445144,4.2523618875,4.1716268511,1.7976633274,4.1032312985,0.4623618875,-1.3923366726,-0.6437634120
3.3627482318,4.1020649801,4.8367309793,4.3900637307,4.3511324446,3.3391308574,3.0310120430,2.6407311618,2.4231315165,2.8238362598,2.7391655121,4.3468845953,3.1739126323,3.0715425085,2.7526364248,2.9823930355,3.5690944459,4.1290978093,3.9716906418,3.7711605236,4.5373164980,4.2085480733,2.8515683677,3.2168283346,3.8267921590,0.4185480733,0.0268283346,0.0112289478
1.2916703327,2.5630193587,3.0194671614,2.7150946574,2.7792200067,1.9528899352,1.6744670343,1.8796630638,1.8505987042,1.0230854139,3.7448291380,3.8632976023,3.9770534013,3.8848543610,3.6784827876,2.3583469261,2.3631940785,2.5461455859,2.2346124006,2.3034764383,2.2125003118,2.4736943034,1.6761408303,3.8297034580,2.3363792902,-1.3163056966,0.6397034580,-0.8420453060
3.2932597758,4.4987091004,3.2311004601,3.5598999616,3.1016672586,3.1757976154,2.5215355101,3.2981956685,2.9291382088,3.6865346635,5.6027025866,3.9934732887,3.4216435758,5.1449864333,4.9366379590,2.3810730697,3.2551701211,3.1925962316,2.1817121145,2.8107607299,2.5195245855,3.5369273113,3.1222403333,4.6198887687,2.7234728087,-0.2530726887,1.4298887687,-0.3618657952
4.2821425801,4.3461431468,3.8795670768,3.7237459343,3.9508022728,3.3951578173,2.6108326167,2.7613780576,3.1989216909,2.5350573568,1.9518489280,1.7842627134,3.1846024242,3.1373175364,2.2545578589,4.6835823584,3.7450091673,3.9946359284,4.2405191852,4.4687912150,3.6330208902,4.0364802022,2.9002695079,2.4625178922,4.1275931241,0.2464802022,-0.7274821078,-0.1793099370
6.4032281013,3.5503418867,4.7240815207,5.3452566163,5.0229412546,5.5883581691,3.8892573908,4.8854999189,5.2798076282,4.2641143267,2.3186609054,2.6592180891,1.5744622844,2.5356712145,3.1712808415,3.7762316933,3.3499173454,3.8717283444,4.0895682385,4.6332879415,3.8902527561,5.0091698759,4.7814074867,2.4518586670,3.9351643865,1.2191698759,-0.7381413330,-0.8999196774
3.4529489388,3.7312753577,3.3695689944,3.0777004248,3.3611311858,3.9315240742,2.9625524655,3.1825047795,3.1819118820,3.2121017792,2.5335072182,2.8427915764,3.0324119762,2.5073249158,2.0314271939,4.1183366786,3.4271377277,4.1929769742,4.9268376478,3.4995099843,3.9887657843,3.3985249803,3.2941189961,2.5894925761,4.0255941328,-0.3914750197,-0.6005074239,0.2350836556
4.1054271957,3.8333493805,3.0670310370,3.3540454856,3.4202840041,3.6298276752,3.1674389566,4.0374271976,3.9708817953,3.7256950693,3.7280711785,3.7807260039,3.2209366182,3.4673465929,3.0569802894,3.4877746723,2.3290392593,3.4627491132,3.5985634987,3.7596185289,3.3129527283,3.5560274206,3.7062541388,3.4508121366,3.3251163001,-0.2339725794,0.2608121366,-0.0610228883
3.5661611077,2.5388465727,3.8056515964,2.7423768094,3.4646641460,2.9845157022,2.9875179545,3.0073593104,3.2957865673,3.3754822768,3.8693541158,2.4277088879,2.6706879401,2.7543538802,3.6292164768,3.6723067562,4.6526413191,4.0023545540,3.4557915712,3.6116129938,2.8249717215,3.2235400464,3.1301323622,3.0702642602,3.7032798193,-0.5664599536,-0.1197357398,0.0678255016
3.2354301331,2.3387230942,3.3333492481,3.6974478229,4.2913965080,3.9967744071,4.4103232568,4.9561560085,2.6879843080,3.7403822715,3.8895542394,2.4615903859,2.9786632206,3.6966355855,2.5499298170,4.9717680228,3.3593609131,3.8116608956,4.4840335942,3.7788689547,4.5615481414,3.3792693613,3.9583240504,3.1152746497,4.1612067536,-0.4107306387,-0.0747253503,0.0306919909
3.8426162490,3.3080964205,3.4040253742,4.2391835394,4.6085949012,5.0243969064,4.1610439896,4.6823611251,3.6460301315,4.5319201773,2.0545370733,2.9365230411,2.5757630527,3.5832116839,3.3526922171,3.9477883042,5.3942891524,4.5732466097,4.8067809306,4.1621925760,5.3441234632,3.8805032968,4.4091504660,2.9005454136,4.7047368394,0.0905032968,-0.2894545864,-0.0261965944
4.3718125300,4.1646705943,4.4975576987,4.4436540203,4.0653064585,3.1299783491,4.1829253356,2.7336552472,4.1008656698,3.4745567776,4.2000701369,3.0995976491,2.3195610697,3.1954986546,3.9568247060,5.3392901127,3.1710118008,4.6529137499,4.8585108630,4.4529322384,3.9052361265,4.3086002604,3.5243962759,3.3543104433,4.3966491486,0.5186002604,0.1643104433,0.0852114387
3.9846323097,3.9974641345,3.7545232135,4.8680896767,4.4976859980,3.1122574365,3.0737352873,3.7183621590,4.5994323215,4.5193201191,1.7361312776,2.9359760685,4.0421095495,2.2496239324,3.4966260237,2.6697746180,2.7388191827,1.7192185639,2.5616553998,2.4547689329,2.0789446063,4.2204790665,3.8046214647,2.8920933703,2.3705302173,0.4304790665,-0.2979066297,-0.1282425678
4.0569181759,2.6651531713,3.4947531441,3.6048438849,3.7849247419,2.2846574240,3.2254196994,3.7156177256,3.2203635056,3.0195978983,2.7465784099,4.0725047183,4.0926234423,3.8780283387,4.2791921886,2.4518711268,2.7822171723,3.5748165595,2.4368161796,1.4856853781,2.6735115750,3.5213186236,3.0931312506,3.8137854196,2.5674863319,-0.2686813764,0.6237854196,-0.1675995251
3.1109956807,4.2249312883,3.0897920798,2.3908787028,2.8596869836,2.2748716497,3.3824564824,2.5915100935,3.3724819192,2.7677846175,3.4255956226,4.0774752005,2.9418601124,4.1206313674,2.1310792819,3.1429618908,3.8819034970,2.9916341468,3.6562981656,3.9283200878,3.1318296853,3.1352569470,2.8778209524,3.3393283170,3.4554912455,-0.6547430530,0.1493283170,-0.0977716781
3.9728733504,4.5341090988,2.8971107311,4.1429698276,4.7887931322,3.7758048979,3.2940504996,3.4122838252,3.7174403382,4.2481765827,4.6658302839,3.8862619365,3.9998470707,3.2877423140,2.9853475399,4.2710514210,5.1706972330,4.1647775320,4.6472295390,3.9446560998,3.5765500767,4.0671712280,3.6895512287,3.7650058290,4.2958269836,0.2771712280,0.5750058290,0.1593750717
4.1795766371,3.4989817918,4.3032134317,3.5456346808,3.8194110371,3.6579485525,3.8576078159,3.6608068319,3.7660522269,4.5452791585,2.1360512257,3.3396328648,2.9884232004,2.7928020199,1.6496281859,4.1162632918,3.0923728049,2.8938784489,4.1974686403,3.1837520213,3.7045885760,3.8693635157,3.8975389171,2.5813074993,3.5313872972,0.0793635157,-0.6086925007,-0.0483079768
3.1740749241,3.2987787569,4.5252843169,3.6888972027,3.8278351586,3.8473267846,3.6869354789,3.5013754445,3.4119404227,3.8503590731,4.6059611859,4.5564300766,4.3925135597,4.1505116778,3.6114909970,3.7462991033,2.5309450188,2.9424647841,1.6073878042,2.1042824878,2.6034108299,3.7029740718,3.6595874408,4.2633814994,2.5891316713,-0.0870259282,1.0733814994,-0.0934120213
2.7971600523,2.3574502968,2.7181601948,3.1061334668,2.5166968042,0.7688903831,1.9336831707,2.6798311379,1.8452286067,2.0335221217,4.3358145750,2.7897120205,3.3997499482,1.1316956279,4.1426984994,3.9809130191,4.5467930576,4.7088974506,4.7915860485,5.1245798234,3.9273049201,2.6991201630,1.8522310840,3.1599341342,4.5133457199,-1.0908798370,-0.0300658658,0.0327982468
3.9117220603,2.2332024940,4.5056610607,3.2904403360,4.5646618062,3.2540607766,4.1129147541,3.8363899893,3.0586527982,4.4614090759,1.3786280526,2.7032635158,2.3109693964,2.8453709271,2.4602173595,2.2314555932,2.3529244933,2.7485538557,2.4426962300,2.2230068438,2.7292731371,3.7011375514,3.7446854788,2.3396898503,2.4546516922,-0.0888624486,-0.8503101497,0.0755606419
5.8931730199,5.8030965953,4.7378013184,5.0988712568,4.1170950914,4.5564743839,4.8623103941,4.9592692562,5.5921511506,4.3946348771,3.4979512693,1.9417586435,2.6311966456,2.7841577109,1.5821555311,4.8325589948,3.9703278454,5.1473438992,4.7866468252,5.1421432985,5.2561335160,5.1300074563,4.8729680124,2.4874439601,4.8558590632,1.3400074563,-0.7025560399,-0.9414303320
5.0238143017,4.8867750852,3.7852887213,4.4010732879,5.6772777249,5.5548313140,4.6442236135,4.6848497347,4.4925639794,6.0275768903,1.8577842869,2.4921880482,3.5774489165,3.1503023726,4.3443077401,4.5292328272,4.1312864122,3.3970023628,3.6117667523,5.1718951130,3.2521901898,4.7548458242,5.0808091064,3.0844062728,4.0155622762,0.9648458242,-0.1055937272,-0.1018816667
3.1266838428,4.3938233724,3.8410998418,3.7325692601,2.9728389096,3.6469317363,3.3782483205,3.0578419991,4.6599043708,3.0292602261,4.9002954565,3.0845395113,3.6545504537,3.0352659166,3.7209534569,3.2775022875,3.1621465535,2.8417891155,3.2728416156,3.3183020816,3.1190050740,3.6134030453,3.5544373305,3.6791209590,3.1652644546,-0.1765969547,0.4891209590,-0.0863772718
3.2852224211,3.4250101091,4.5194919576,2.9065367258,2.6904004760,2.6731506977,2.8387784945,3.0519646670,2.8017075714,3.6063368105,3.7142635159,2.9508963452,3.3821397531,4.3184322294,3.6007138842,2.8902022806,3.3373520306,3.4001672742,3.5455874730,2.4933908717,2.9688917306,3.3653323379,2.9943876482,3.5932891455,3.1059319435,-0.4246676621,0.4032891455,-0.1712638586
3.2190280282,2.9294438413,2.5377464799,3.3526968616,2.9853783802,3.6658385145,4.1142750984,3.3476258725,3.9093955733,2.8178677930,1.9455948069,3.8402812355,4.0134387216,2.5293865996,3.4328975512,3.7018997247,3.5094497663,3.7681396467,3.6993806262,4.5853992446,4.1449786123,3.0048587182,3.5710005704,3.1523197830,3.9015412701,-0.7851412818,-0.0376802170,0.0295842939
3.4326147543,4.0057622571,2.8181594021,3.8464629131,2.8787759151,3.2029076002,3.8195386756,3.8489486119,3.6684750342,3.3136440766,4.0381543968,3.5790139319,2.1283102890,3.2536094494,3.8330163620,4.2956664653,3.9372317122,4.2400116084,4.2271802155,4.3618741425,4.3519576766,3.3963550483,3.5707027997,3.3664208858,4.2356536368,-0.3936449517,0.1764208858,-0.0694471911
3.8272446414,3.5392629434,3.4857191406,1.3887384829,3.4376543389,3.5648610825,3.4531963841,2.4688209894,2.4199763145,3.3547606093,3.5802253147,4.8353839572,3.6638230959,3.7165603877,3.1667876136,5.4804288201,4.7261537930,5.7611986966,5.8135035314,4.7451739930,5.8281043313,3.1357239094,3.0523230759,3.7925560738,5.3924271942,-0.6542760906,0.6025560738,-0.3942380323
2.6863713369,3.2287162937,3.1716730261,3.6038065654,2.2516461337,2.9411190502,2.5892674633,2.6741455332,3.0865837944,3.2736882173,2.8759195704,3.0457895996,2.9443842176,3.4596493579,4.0285323326,4.3245430061,4.5485511675,4.3196406574,4.4744686517,4.9391878706,5.4232243491,2.9884426712,2.9129608117,3.2708550156,4.6716026171,-0.8015573288,0.0808550156,-0.0648099304
3.8077103536,4.4225624550,3.3837391948,4.0478639444,4.9815620292,5.7139158354,4.1345363458,5.1818902865,5.2202290274,4.8499171689,3.4413490398,3.5352387372,2.5720828165,1.2580176801,1.7833743444,5.1283638137,4.6608123042,3.2379342211,4.5546385565,4.5396331143,4.5654976835,4.1286875954,5.0200977328,2.5180125236,4.4478132822,0.3386875954,-0.6719874764,-0.2275938225
4.0484754314,4.2677406859,3.7231965537,3.0990300940,3.5012895962,4.1277536520,4.4521509295,4.0233022588,4.2066777851,4.0120734248,2.3831290629,2.9686023536,1.9317965438,3.2834921268,2.7420933799,3.7137477487,3.8652140343,4.8623405932,4.6947954342,4.2568062299,4.7155194085,3.7279464722,4.1643916101,2.6618226934,4.3514039081,-0.0620535278,-0.5281773066,0.0327752652
3.4941113797,4.3956321912,2.4204400464,2.6101745541,3.0114066044,3.7495460383,2.5684256236,3.7818117046,3.1395267398,3.4820179073,4.0948860069,4.6676561822,2.8936702782,3.9223381462,2.6371702060,3.7719011183,4.7504454575,3.6521866313,3.8070916233,4.3497757048,3.7949002601,3.1863529552,3.3442656027,3.6431441639,4.0210501326,-0.6036470448,0.4531441639,-0.2735391354
3.1040754597,3.8407038194,4.1176224731,3.9723252308,3.6331154079,3.1478439355,3.3987014882,4.8502274775,4.3386983265,2.9392753888,4.3102810198,4.7279151477,4.4795498790,3.6682304116,4.7004938067,5.1789292443,4.7501690637,5.8481543972,5.0691168488,5.1906312873,4.5526738496,3.7335684782,3.7349493233,4.3772940529,5.0982791152,-0.0564315218,1.1872940529,-0.0670008103
2.6425077162,4.1816234302,3.2990256706,3.7496236506,3.4138190269,3.0882342148,4.1394170489,3.4936627323,3.0621526145,3.6728421904,2.1162871543,1.6511923140,2.1785497646,2.5510031295,3.2988313470,4.6734470052,3.2798222582,5.0780373084,4.1632680101,2.8210574960,4.3052488012,3.4573198989,3.4912617602,2.3591727419,4.0534801465,-0.3326801011,-0.8308272581,0.2763996962
3.4237547415,3.6172232823,3.6409037710,2.9454673911,3.1604862734,3.3442771985,3.8034463569,3.0099892229,3.3511467466,2.6652972185,2.7495457850,3.0452874333,1.4731509373,2.8169762259,2.8566773026,3.3589467834,4.8712662948,5.2505064635,3.8509884502,3.9613117501,4.4340503020,3.3575670919,3.2348313487,2.5883275368,4.2878450073,-0.4324329081,-0.6016724632,0.2601829730
4.4658061690,4.7675336189,4.2441921657,3.6561800996,4.1833831810,3.2622414979,3.8841181939,3.5951681912,3.4360173070,2.9147987022,4.5882355908,3.8373077188,4.4530078030,3.0523590091,4.4986972502,4.1562280832,4.2103521046,3.2685068616,3.4185063769,2.5742668527,3.2919911520,4.2634190468,3.4184687785,4.0859214744,3.4866419052,0.4734190468,0.8959214744,0.4241462904
4.2640001706,3.3406045678,4.3475365407,3.4914921773,3.7078608632,3.9864381494,3.9169197971,4.0272967595,3.4005650567,5.0310672075,4.3705116803,3.1411816815,2.8013246169,4.0147562107,3.1850523851,4.3697732865,4.8228026948,5.0008047836,4.9109484097,4.3735572598,4.1126150962,3.8302988639,4.0724573940,3.5025653149,4.5984169218,0.0402988639,0.3125653149,0.0125960271
3.3119012638,4.0821019226,4.6249464042,3.5693770234,4.0381962515,4.3917634305,3.8901476964,4.0545271764,3.9427976773,3.4574303506,2.0021885395,1.8774343928,0.7990362783,1.4881052987,0.4918136642,3.4981926838,3.5809166031,4.3623280046,4.1676100336,4.6478742801,4.2951671061,3.9253045731,3.9473332663,1.3317156347,4.0920147852,0.1353045731,-1.8582843653,-0.2514343727
2.8626869578,3.5318346995,3.6003159689,3.8558031280,3.1446022652,1.8813961920,2.6174853971,2.4841848014,2.3127537710,3.9139383112,1.8847033404,3.0795011390,3.0569092191,2.7473762406,2.1673455895,3.6528734514,3.5419304789,4.3625746376,3.9728378236,5.0050574917,4.2130242876,3.3990486039,2.6419516945,2.5871671057,4.1247163618,-0.3909513961,-0.6028328943,0.2356783617
3.8978819479,5.0281768272,4.8823310931,4.4586359562,5.4345521747,4.2530380197,4.4011841405,4.9171984692,4.2623940808,4.1843416592,1.7566953087,2.2715489537,2.5501509948,1.6674814877,0.9273546847,4.9456157167,4.6713983071,4.0122358786,4.1944020151,4.6250355009,3.3421340319,4.7403155998,4.4036312739,1.8346462859,4.2984702417,0.9503155998,-1.3553537141,-1.2880137778
4.1624564019,4.4709591412,4.3757802681,4.6471843880,4.7496511248,3.8115947191,4.9144847782,3.9892080815,4.1907727926,4.1285060830,4.9070240412,4.2344735612,3.9252278692,4.4248292064,4.5725172474,3.3385978772,4.7743052591,4.2563456674,3.0156552478,4.5955680647,2.5629320681,4.4812062648,4.2069132909,4.4128143851,3.7572340307,0.6912062648,1.2228143851,0.8452169637
3.8508699132,4.4293834134,4.7629507779,4.6919106988,4.6739142084,4.0969763695,4.4161330645,4.5671605065,4.9312021306,4.8441701071,3.2186727157,3.7323772333,3.0375358862,3.4152073735,2.8422682333,5.1777764393,5.2533887103,5.2517052111,4.7902397135,4.7486331063,3.9155672765,4.4818058023,4.5711284356,3.2492122884,4.8562184095,0.6918058023,0.0592122884,0.0409634047
2.5426359804,3.3315343107,3.6279700572,3.5553802343,3.3105036949,4.3374578653,3.7419134530,3.8446921462,3.1945973250,3.1102980486,3.9159115818,4.2101745071,3.7740202589,4.2471747659,2.6468178050,3.3239450681,2.6350125444,2.7929518458,2.2316891582,3.8059300575,2.8210119903,3.2736048555,3.6457917676,3.7588197838,2.9350901107,-0.5163951445,0.5688197838,-0.2937357744
2.2639059260,3.7144452728,1.9821270544,2.0660569498,2.7501257966,3.1073274790,2.1417519425,1.4986206065,1.6263464904,2.2962111224,4.2861649193,3.1928514216,3.9554031081,3.5350204429,3.7230625454,1.9972711283,2.6279542593,2.6152681083,3.0300426947,3.1641618344,2.4075344804,2.5553321999,2.1340515282,3.7385004874,2.6403720842,-1.2346678001,0.5485004874,-0.6772158902
4.0873498315,4.4666937552,4.3282013206,5.0263536013,4.4472058395,3.4717266721,3.6948020916,3.7786007217,3.6611888356,3.6385133508,3.4551479187,3.5608481544,3.9377453266,2.1646606319,2.9694785408,5.6019668252,5.3260123691,4.5881830108,4.7928968216,5.1917655055,5.1966995217,4.4711608696,3.6489663344,3.2175761145,5.1162540090,0.6811608696,0.0275761145,0.0187837701
2.7519278915,2.2084113587,3.0643365161,3.8251059530,2.8707163118,4.0990839690,2.0582218665,3.0647327420,2.6885802691,2.6619710041,1.8202195429,2.4637821121,2.8875644146,3.0564802703,3.9370021213,3.6407809798,3.6623680675,2.7890265591,3.9022807695,2.8285335798,4.2874497339,2.9440996062,2.9145179701,2.8330096922,3.5184066149,-0.8459003938,-0.3569903078,0.3019782419
3.6251962347,3.8823236697,3.8021073831,4.4384955942,4.8325609323,3.8255239012,4.0817003466,4.2540953519,3.5473413355,3.8646550678,3.8723266458,3.8033826126,3.5325971775,3.1011571460,3.1189246630,4.2745725823,4.1398163417,5.3956514893,3.3619080825,3.9218521645,4.8134417962,4.1161367628,3.9146632006,3.4856776490,4.3178737428,0.3261367628,0.2956776490,0.0964313513
3.7119358791,4.5080889283,5.5618553891,4.7193315681,3.6084586651,3.4986762871,3.9242723298,3.8503624725,2.9364289526,3.6954035431,3.1314923536,3.1174331263,3.0602089031,3.2252386704,2.6960635434,4.4403078033,4.6396622988,4.4130394445,4.5269760347,3.7007721253,3.3202956248,4.4219340859,3.5810287170,3.0460873194,4.1735088886,0.6319340859,-0.1439126806,-0.0909433283
5.6321291600,4.4636236533,4.4714903201,4.6746438021,4.3525261209,4.0262612706,3.5770232703,3.3034511316,4.5131334308,2.7126593600,3.5701536711,2.0995301630,3.7377421156,3.7299809465,3.1863144071,2.9963700583,3.8993198405,3.8506390437,4.6630266091,3.4854913371,3.3443204974,4.7188826113,3.6265056927,3.2647442606,3.7065278977,0.9288826113,0.0747442606,0.0694286440
4.0705010900,4.1561072066,4.3556234081,4.2012788866,4.1537686198,3.2756079651,3.7431857399,3.7549437323,3.1690572096,3.6435718356,4.2889510290,4.4545404895,4.2920284875,3.6813474754,2.8763804886,4.0178547746,2.8149132205,3.4536635274,2.8134518580,2.9276881700,4.2030982814,4.1874558422,3.5172732965,3.9186495940,3.3717783053,0.3974558422,0.7286495940,0.2896060381
3.2267743518,3.5513723691,3.2571817533,2.3150820462,2.3215144429,2.7284325498,2.8374064907,3.2150820917,2.5982668573,3.1062304476,3.8996882025,3.8487712893,4.4185264679,3.4451270103,2.9740284426,3.9489222683,4.9157994744,5.3544930271,4.1546352358,4.5780242872,4.6764016986,2.9343849927,2.8970836874,3.7172282825,4.6047126652,-0.8556150073,0.5272282825,-0.4511044308
3.9647365224,4.2674326373,4.4916982210,2.9976928723,4.3275547190,3.2164002465,4.2561600316,3.3958938809,3.2516114433,3.7147418746,2.1695394830,1.8859808591,3.1601597765,1.6263604036,2.9111105353,3.8727341045,3.9604370528,5.2848286623,4.0092396998,4.5153474966,4.2773926428,4.0098229944,3.5669614954,2.3506302115,4.3199966098,0.2198229944,-0.8393697885,-0.1845127803
4.2129257054,4.4124347053,3.7622248464,3.7124597274,4.2012457275,4.2537046928,3.5999825998,4.5876227582,3.9924852926,4.3639231045,2.1920141961,3.3479122726,3.6594776368,3.2944511178,2.9029334675,4.6391033230,4.2789452701,3.4973593896,4.4171879905,4.5414968166,3.5806900442,4.0602581424,4.1595436896,3.0793577382,4.1591304723,0.2702581424,-0.1106422618,-0.0299019722
2.9312258681,2.7929695977,2.3101385024,2.5123201868,2.5688986764,3.5583040874,2.5871119222,0.7172351464,2.4842544775,1.9061591454,2.6252566095,2.8189915284,3.2897566052,3.4532666020,2.9681250815,3.6375432050,4.5759375079,4.6424679786,3.8827668472,3.6180756275,4.6857724871,2.6231105663,2.2506129558,3.0310792853,4.1737606089,-1.1668894337,-0.1589207147,0.1854429028
2.9284344948,2.5416703250,2.6529016458,3.5041589381,3.6841018470,1.7297366447,3.1246981316,2.8562608281,3.2008841478,3.1836726793,5.5847456469,3.4302459447,3.5247581672,3.3805810372,3.3284913096,2.8501062895,2.6447021752,3.9007209165,2.5412822323,3.9458648551,4.0793206762,3.0622534501,2.8190504863,3.8497644211,3.3269995241,-0.7277465499,0.6597644211,-0.4801412812
3.3326764220,4.7293389687,4.3012145858,4.0373861500,3.8175848586,4.4677828178,5.4102321300,4.6556207005,3.4344509999,3.2327776141,3.2355677095,2.8955658140,2.6726422278,1.9715623859,3.3103186294,4.9772581623,4.2100622809,5.6569617973,4.4624027148,3.6170396430,5.0849927215,4.0436401970,4.2401728525,2.8171313533,4.6681195533,0.2536401970,-0.3728686467,-0.0945744770
4.1465540670,3.6421494319,5.0181108781,3.2937562194,4.1533254607,4.5139134960,4.0219730126,4.5149079943,4.0240740843,3.8569474156,4.6557029724,4.6164759341,4.5040747243,4.4944161909,5.8184760185,4.8370896687,4.0842766304,5.1992267267,5.3845295362,4.3186845232,4.6889593985,4.0507792114,4.1863632006,4.8178291680,4.7521277473,0.2607792114,1.6278291680,0.4245040068
3.0086054616,3.9270696479,2.3835449960,3.0315771643,3.1525739821,1.9289019681,2.9571150192,2.5545097354,2.0446726934,2.6204825452,3.5060749015,4.0898962196,3.5664732063,2.4794444079,3.7525307883,3.2175019308,3.9073236449,3.9937232933,4.4704467088,4.2310842627,4.0864069006,3.1006742504,2.4211363923,3.4788839047,3.9844144569,-0.6893257496,0.2888839047,-0.1991351142
2.4864496366,2.1477143139,2.0674028195,1.2000562510,2.5285902941,2.5962412434,1.6054679223,2.4101359087,2.8702721042,2.6717440606,2.8462746162,2.4331454276,2.3635842580,2.5985553509,2.7109570980,2.6867733802,2.1924004848,3.3701019532,3.1009785361,1.5448443378,2.9547555928,2.0860426630,2.4307722479,2.5905033501,2.6416423808,-1.7039573370,-0.5994966499,1.0215167150
3.6442804507,4.1515537588,4.3303635783,3.8956533620,3.7864940427,3.2076014338,3.2336317753,3.2444676316,2.2839159788,2.9221340360,3.1752451579,4.4962487454,4.0723596045,3.6798577122,3.4627500397,4.3762859434,3.5312791627,5.0121874098,5.0995380847,3.6757822578,3.1495627433,3.9616690385,2.9783501711,3.7772922519,4.1407726003,0.1716690385,0.5872922519,0.1008198962
3.8050826545,2.3812904570,4.4077096915,3.5315214226,3.4329414364,3.0302196332,3.1874763509,3.2391313808,3.0168215964,3.3903775717,2.2717287908,3.6552190189,2.8740200757,3.3124591585,2.3393213504,4.2293193335,2.9979937083,3.4702690701,2.4769095472,3.8530780214,3.7863967221,3.5117091324,3.1728053066,2.8905496788,3.4689944004,-0.2782908676,-0.2994503212,0.0833342897
4.8168603030,3.9942386961,4.1067431351,4.2442269346,4.5584735151,4.5104492026,3.8693705023,3.6891452914,3.7446529819,3.2432584708,3.2524576675,2.8013906030,1.3092084208,2.9304369517,3.0179079419,4.0879426615,4.9583968227,4.0559734935,3.9830478168,4.2916703876,4.3496553258,4.3441085168,3.8113752898,2.6622803170,4.2877810846,0.5541085168,-0.5277196830,-0.2924139708
2.2144977181,4.3143505122,3.1934486628,2.1919085174,3.0099638398,3.3687948519,2.9435158512,3.2728821103,2.8402710981,3.5575414805,4.3700390789,4.1370517457,4.2502476564,3.6130767012,3.2352836607,3.9280217982,3.6057198163,3.3949096642,3.4125969719,4.5363333495,3.6607151825,2.9848338501,3.1966010784,3.9211397686,3.7563827971,-0.8051661499,0.7311397686,-0.5886889925
4.7423529034,3.4238355053,3.9188725300,3.4904622569,2.4120281904,2.6314518371,2.7204225231,2.9741537643,4.1285105207,1.7205194838,2.9559819537,3.9117136008,3.3339664845,2.9797398849,2.7678346645,3.7509902264,3.1633972829,3.2403136563,4.4525032033,4.5359756119,3.8086684738,3.5975102772,2.8350116258,3.1898473177,3.8253080758,-0.1924897228,-0.0001526823,0.0000293898
3.9724750016,3.8480180751,3.9021205441,5.0458716293,4.2726942694,3.3510977953,3.8662799896,3.4466616803,4.0492327713,3.3971566856,3.5743048607,3.9149801301,3.4643872225,2.3704439319,2.2740938378,3.8401181565,3.8398058428,3.4067867481,4.0173447003,4.0089142660,4.6909701246,4.2082359039,3.6220857844,3.1196419966,3.9673233064,0.4182359039,-0.0703580034,-0.0294262431
4.8035677402,4.6808050767,3.8802808441,3.9335058607,3.7582415449,3.1269255461,4.0142368121,3.7774173242,3.1220692749,3.6582014619,2.9618379885,3.9676727684,3.9388274771,3.4091936950,2.7698856648,3.4646080082,3.6631433237,4.2161040681,3.3394826410,4.0362868097,2.8252066872,4.2112802133,3.5397700838,3.4094835187,3.5908052563,0.4212802133,0.2194835187,0.0924640636
3.6080436622,2.0091469186,2.1449261499,3.1236308471,2.6756479696,1.8047553104,2.1559652483,1.4293542224,1.3195912458,2.1032026284,3.2063886925,3.4836463128,4.4103303771,3.7585244894,3.9687480876,3.3266862701,3.0675669598,3.6331418222,2.0963698908,2.8519452971,3.0247158294,2.7122791095,1.7625737311,3.7655275919,3.0000710116,-1.0777208905,0.5755275919,-0.6202581088
4.1593975013,2.6468559132,3.1759342890,3.2459493069,2.5225477162,2.6702495116,2.4248342188,2.1748076128,3.0352796329,2.5511842456,4.1088158692,2.6805472121,4.2803640348,3.9366829805,3.2129066047,3.9312431213,3.1003995244,3.0037981452,2.0241534814,3.5485915452,2.5672262955,3.1501369453,2.5712710443,3.6438633403,3.0292353522,-0.6398630547,0.4538633403,-0.2904103833
2.5247644624,2.6957519575,2.4838968428,2.2972620509,3.6789408113,2.2115848131,2.4724892266,3.0611783385,2.2291816653,2.5103721481,5.0408822382,2.3952355371,3.7426407301,3.8375027615,3.9328161450,3.1883639093,3.9544867016,3.1715664089,3.9925552253,3.4496450359,3.9070401769,2.7361232250,2.4969612383,3.7898154824,3.6106095763,-1.0538767750,0.5998154824,-0.6321316062
4.9602979314,4.6401259427,5.1883905565,5.5476188291,4.4934689122,4.6658424110,3.8349274188,4.5587212895,4.5594524872,4.7315254850,3.8632047604,3.2900175943,4.7672350189,4.1999681704,4.9186450527,3.9022254450,5.2136584357,3.1613511300,4.2050451164,3.7631894243,4.4918214491,4.9659804344,4.4700938183,4.2078141193,4.1228818334,1.1759804344,1.0178141193,1.1969294902
3.8124281277,4.9209927548,4.4015492408,5.3594872884,5.4550374636,3.6409497516,3.9441098100,3.7333317842,4.3236756981,4.4914492715,3.7414711174,3.0544043014,1.6868807499,3.2977103154,3.4828505367,4.6524667626,4.1199982919,4.2974894810,4.8998568815,4.6177633081,4.1508168109,4.7898989751,4.0267032631,3.0526634042,4.4563985893,0.9998989751,-0.1373365958,-0.1373227214
3.6172081067,3.5868496147,3.8184466650,3.9327904308,4.2857370890,4.0448151314,3.4472640405,3.3781106264,4.5936051398,3.4713852520,2.6608297669,3.5051036323,2.8307877279,3.5899040423,2.8442480059,6.3018410832,5.9858198910,7.2842948549,6.7703902905,5.2312542796,6.0003860635,3.8482063812,3.7870360380,3.0861746351,6.2623310771,0.0582063812,-0.1038253649,-0.0060432988
3.4441818266,3.8412200885,3.6284573037,2.3659153255,2.7499335676,2.5553173930,3.0625499567,2.9652261142,2.9614024998,3.1518969410,3.9069566453,2.9248329802,3.4448702334,2.4929459876,2.6798635734,3.5527975434,3.8793132005,3.8889839386,3.2767515462,3.7860964886,4.6350731649,3.2059416224,2.9392785810,3.0898938840,3.8365026470,-0.5840583776,-0.1001061160,0.0584678157
4.5085613363,3.8335231793,3.0585662357,4.8894239080,4.4058807108,4.2543833457,3.8903233136,4.9776201033,4.1591665683,4.2247037797,2.8823678907,1.9968627801,2.3086512433,1.9526555333,1.3526170074,4.8453671841,4.4669150715,4.2189535786,3.8726928845,3.6590045227,4.3113550495,4.1391910740,4.3012394221,2.0986308910,4.2290480485,0.3491910740,-1.0913691090,-0.3810963513
4.1499236251,4.9026698831,5.1578795864,4.7861170745,4.4423328271,4.5161592633,4.8782260880,4.5104748381,3.5516370831,3.6283487561,2.4485560202,2.7202580276,1.9526391514,3.6097324783,2.4365044835,3.7893657826,3.4279818488,3.9123739682,4.1110701123,3.6056109023,4.2452467091,4.6877845992,4.2169692057,2.6335380322,3.8486082205,0.8977845992,-0.5564619678,-0.4995829848
3.2735015219,2.7223028868,2.7244663097,3.8631675366,2.8362944339,3.0349034572,2.2147297263,3.1756103285,2.9908526157,1.8686888968,2.8140473558,1.8040765938,2.1086278378,3.1323479403,3.2838550332,3.1528553288,3.3660050370,2.9539962453,2.8126161048,2.5497047059,2.9946499390,3.0839465378,2.6569570049,2.6285909522,2.9716378935,-0.7060534622,-0.5614090478,0.3963848020
3.7218387908,4.2894839420,4.7098835604,5.1022217345,4.5827191320,5.5811586458,4.9977828089,4.8140735332,4.4621481829,3.9569375775,1.9831627550,0.9924533288,0.3498168334,1.5648818269,2.8071395343,4.0000482107,3.9791859035,4.4635234470,4.9746192005,4.8622099881,3.4905297630,4.4812294319,4.7624201497,1.5394908557,4.2950194188,0.6912294319,-1.6505091443,-1.1408804982
3.2352394651,3.5401435904,3.8352990380,3.7146793246,4.4811156972,2.8122983605,4.0410661398,2.9062208380,2.6831889395,3.1027993264,3.9530925098,3.7665646505,4.0615063642,3.5897717276,2.2742058061,3.3655196805,3.4858415823,3.9552477634,3.4657586295,3.4230828874,3.8650957965,3.7612954231,3.1091147208,3.5290282116,3.5934243899,-0.0287045769,0.3390282116,-0.0097316614
4.0031147537,5.1020748417,5.2246433459,4.4981133922,3.6452671156,4.3449221471,4.3623932774,5.5521725090,3.9260691453,3.6269250038,3.7948540836,3.3204271144,1.8835992345,3.9424655485,1.8124898797,4.2522757812,4.6833607465,3.9764641915,5.1697471060,4.3704640584,4.1306728434,4.4946426898,4.3624964165,2.9507671721,4.4304974545,0.7046426898,-0.2392328279,-0.1685736633
3.2654539808,3.0817704757,2.6586269283,2.5924397191,2.6592077405,2.9502320819,3.1484378344,2.6406839487,1.3181714055,2.5113509165,2.1956999522,1.6606218388,1.5645426256,1.5286015616,2.1187669858,5.0885978626,4.0484976853,4.3971279511,5.1048698477,4.1685651850,4.7862421342,2.8514997689,2.5137752374,1.8136465928,4.5989834443,-0.9385002311,-1.3763534072,1.2917079908
2.5133687204,2.6712281277,3.3568714396,2.6160055811,3.6860230967,2.4019348587,1.3764652248,1.9293944095,1.2203040834,2.7542059632,3.6080070367,4.4786499507,3.9008333408,4.0941156531,2.4675682071,2.6876762381,2.1136527453,2.0305688277,2.0550753656,1.9078484325,3.1637220576,2.9686993931,1.9364609079,3.7098348377,2.3264239445,-0.8213006069,0.5198348377,-0.4269406677
3.4239141721,4.9510359355,4.5494911059,4.2696276273,3.8334821385,3.9575783633,4.3698530384,3.7986807390,3.7110209262,3.6788865039,3.8708796029,4.0698236727,3.7988976121,3.9217636677,5.0717695514,3.8747579174,3.1099146178,2.7786406979,2.8972714870,3.4858969572,3.0536732253,4.2055101959,3.9032039142,4.1466268214,3.2000258171,0.4155101959,0.9566268214,0.3974881979
2.9062055185,4.2573972178,3.4371572187,2.9486742077,3.7984916140,4.5323362188,3.5076415444,3.5116178421,2.9898639711,4.0314706371,2.4292406511,2.7357964423,2.1131699411,1.5260941018,2.0465124460,4.8853334594,2.3504059090,3.1792340109,3.5450114031,4.1597362745,5.1803067897,3.4695851553,3.7145860427,2.1701627165,3.8833379744,-0.3204148447,-1.0198372835,0.3267710048
2.7742537677,3.6722124948,3.5984556517,4.5896605271,1.9154082043,3.9020747268,3.8116704888,4.5178928005,4.1624792311,3.9482478640,3.4859922438,2.8916032386,4.2638825772,3.9432239086,3.1294350720,4.5454318392,4.5294425344,4.1755899789,4.6668948687,4.7158220665,4.9280000840,3.3099981291,4.0684730223,3.5428274080,4.5935302286,-0.4800018709,0.3528274080,-0.1693578160
4.7315526948,4.1726754693,4.4495497299,4.4813616101,4.4539546494,3.4612478973,4.2026768942,3.3427305067,3.3853771428,4.1268123274,3.8637546527,4.5517232649,4.2926732168,4.4838926851,2.4895422575,3.2011764115,3.5557405924,4.0859192089,4.0924996453,4.4108291516,4.2242130870,4.4578188307,3.7037689537,3.9363172154,3.9283963495,0.6678188307,0.7463172154,0.4984046901
4.5243663259,4.7074132192,4.2100562816,3.9048102010,3.8484610574,4.7108861807,4.8171577200,3.7420318416,3.6829049649,5.3788033251,2.7441801938,4.1965465359,4.1919163605,3.2172178102,4.9980170800,3.9737120912,4.0868170466,4.0336023304,4.1683865178,3.9040730335,4.1900443346,4.2390214170,4.4663568065,3.8695755961,4.0594392257,0.4490214170,0.6795755961,0.3051439971
4.2989715682,4.4847639459,4.2437767138,3.4864757104,4.8523989640,4.2957021109,4.7757501889,4.9012501907,5.1319485155,4.4114542469,2.9512068835,3.0400574218,2.6099096454,2.4459765557,3.5299255525,5.6556710719,4.7238907711,4.8221769944,5.7121355782,4.8961039446,5.1427372554,4.2732773805,4.7032210506,2.9154152118,5.1587859359,0.4832773805,-0.2745847882,-0.1327006172
4.4908494655,4.4032627579,4.5763956837,5.1203069765,3.7062354544,4.9191838176,5.8204851464,5.1860252365,3.9121939218,4.2827436725,3.7264694587,3.6262655193,3.4474130698,4.1211534057,4.1276567248,4.4090923396,4.1635656933,3.5843667052,3.6848465689,4.6626735337,3.9320159822,4.4594100676,4.8241263590,3.8097916357,4.0727601371,0.6694100676,0.6197916357,0.4148947607
2.9186234011,4.6268921601,3.1297999038,2.9346887257,2.9854717121,3.2446093770,3.0941913698,2.4568257546,2.6922234594,2.5688900032,3.3500043754,4.3027108184,2.9433315654,4.5186583536,4.5067717513,3.2800584104,3.1407723858,3.2201640245,2.9348466941,3.6743834965,2.3869923559,3.3190951806,2.8113479928,3.9242953728,3.1062028945,-0.4709048194,0.7342953728,-0.3457832299
3.0779316870,4.1064758454,3.8619726700,4.3428849178,2.3100737570,4.3519955387,3.6531754880,3.5179555489,3.4889899885,1.6282631676,4.9832129940,3.6871272874,3.2097534136,4.2121258772,4.6808318890,2.8244914000,2.7204443277,3.7121518881,2.3103078742,3.2660099209,2.1106706430,3.5398677754,3.3280759463,4.1546102922,2.8240126757,-0.2501322246,0.9646102922,-0.2412801182
3.9382311477,3.1516271772,4.4843841209,2.4383657100,3.6722705800,2.9421421646,3.3330821104,3.1010637219,2.9891147760,2.7418269110,2.6623392255,2.6132332624,3.7806131774,2.1995476388,4.7970439913,2.7729223644,3.4659830757,3.2315387722,4.1494641386,4.1040359137,3.2697161870,3.5369757472,3.0214459368,3.2105554591,3.4989434086,-0.2530242528,0.0205554591,-0.0052010297
3.7138033817,3.6430393761,4.1239009522,4.1982869189,3.1230730272,3.3182675607,4.0475383674,3.0659787313,4.4445385724,4.0254101005,3.5572952537,3.4714327204,3.3720316110,2.6745436183,2.9978479442,3.6645320649,3.7918172394,3.6208233933,4.5480981501,3.6509029655,3.6378953520,3.7604207312,3.7803466665,3.2146302296,3.8190115275,-0.0295792688,0.0246302296,-0.0007285442
3.3213266857,5.1542654702,3.3853459961,4.4602128130,2.8482821798,4.2023031712,3.9069164571,4.3051103481,2.9287413170,4.8370597842,4.0228803346,5.4220013384,4.1347743022,4.0968016842,3.6342469666,3.2343841408,2.8408134916,2.0474033048,3.8384056266,3.5274108951,2.9849369397,3.8338866290,4.0360262155,4.2621409252,3.0788923998,0.0438866290,1.0721409252,0.0470526510
3.2625195238,4.4981048745,3.5858300016,2.7227748959,2.4170479393,1.9783502238,3.3287649410,3.2176345190,3.6118710499,2.6820198668,2.6115370019,2.8841993967,1.4291657179,3.2728989137,1.7580392559,3.0876890384,3.9911253524,4.0049966695,3.9281243150,4.0805412994,4.3079351027,3.2972554470,2.9637281201,2.3911680572,3.9000686296,-0.4927445530,-0.7988319428,0.3936200885
